trade_id,leg,utc,boundary,gap_minutes,fill_price,prev_close,bar_open,bar_close,delta_vs_prev_close,delta_vs_bar_open,delta_vs_bar_close,cell_n,thin_cohort,feed,panel_window,canonical_status,strategy
1,entry,2022-01-12T15:15:00+00:00,intra,15.0,115.064,115.064,115.062,114.929,0.0,0.001999999999995339,0.1349999999999909,123,0,OANDA,2022-01-02_2026-04-19,PROXY,aegis
1,exit,2022-01-12T15:15:00+00:00,intra,15.0,114.945,115.064,115.062,114.929,-0.11899999999999977,-0.11700000000000443,0.015999999999991132,123,0,OANDA,2022-01-02_2026-04-19,PROXY,aegis
2,entry,2022-01-19T15:15:00+00:00,intra,15.0,114.248,114.246,114.248,114.284,0.0020000000000095497,0.0,-0.036000000000001364,123,0,OANDA,2022-01-02_2026-04-19,PROXY,aegis
2,exit,2022-01-19T16:15:00+00:00,intra,15.0,114.254,114.272,114.274,114.248,-0.018000000000000682,-0.01999999999999602,0.006000000000000227,123,0,OANDA,2022-01-02_2026-04-19,PROXY,aegis
3,entry,2022-02-28T15:15:00+00:00,intra,15.0,115.2,115.198,115.2,115.276,0.0020000000000095497,0.0,-0.0759999999999934,123,0,OANDA,2022-01-02_2026-04-19,PROXY,aegis
3,exit,2022-02-28T15:45:00+00:00,intra,15.0,115.206,115.342,115.344,115.154,-0.13599999999999568,-0.13799999999999102,0.05200000000000671,123,0,OANDA,2022-01-02_2026-04-19,PROXY,aegis
4,entry,2022-03-01T18:15:00+00:00,intra,15.0,114.788,114.786,114.784,114.766,0.001999999999995339,0.003999999999990678,0.02199999999999136,123,0,OANDA,2022-01-02_2026-04-19,PROXY,aegis
4,exit,2022-03-01T19:15:00+00:00,intra,15.0,114.795,114.806,114.806,114.816,-0.01099999999999568,-0.01099999999999568,-0.021000000000000796,123,0,OANDA,2022-01-02_2026-04-19,PROXY,aegis
5,entry,2022-04-13T16:15:00+00:00,intra,15.0,125.392,125.39,125.389,125.483,0.001999999999995339,0.0030000000000001137,-0.09100000000000819,123,0,OANDA,2022-01-02_2026-04-19,PROXY,aegis
5,exit,2022-04-13T23:30:00+00:00,intra,15.0,125.407,125.485,125.487,125.475,-0.07800000000000296,-0.0799999999999983,-0.06799999999999784,123,0,OANDA,2022-01-02_2026-04-19,PROXY,aegis
6,entry,2022-04-25T14:15:00+00:00,intra,15.0,127.716,127.714,127.715,127.916,0.001999999999995339,0.000999999999990564,-0.20000000000000284,123,0,OANDA,2022-01-02_2026-04-19,PROXY,aegis
6,exit,2022-04-25T15:15:00+00:00,intra,15.0,127.735,127.786,127.786,127.67,-0.05100000000000193,-0.05100000000000193,0.06499999999999773,123,0,OANDA,2022-01-02_2026-04-19,PROXY,aegis
7,entry,2022-05-09T14:45:00+00:00,intra,15.0,130.529,130.527,130.528,130.536,0.0020000000000095497,0.0010000000000047748,-0.007000000000005002,123,0,OANDA,2022-01-02_2026-04-19,PROXY,aegis
7,exit,2022-05-09T15:00:00+00:00,intra,15.0,130.534,130.536,130.534,130.44,-0.0020000000000095497,0.0,0.09399999999999409,123,0,OANDA,2022-01-02_2026-04-19,PROXY,aegis
8,entry,2022-05-11T17:15:00+00:00,intra,15.0,129.688,129.686,129.687,129.66,0.001999999999981128,0.0009999999999763531,0.027999999999991587,123,0,OANDA,2022-01-02_2026-04-19,PROXY,aegis
8,exit,2022-05-11T17:30:00+00:00,intra,15.0,129.658,129.66,129.661,129.524,-0.0020000000000095497,-0.0030000000000143245,0.13399999999998613,123,0,OANDA,2022-01-02_2026-04-19,PROXY,aegis
9,entry,2022-07-18T14:30:00+00:00,intra,15.0,138.088,138.086,138.089,138.1,0.001999999999981128,-0.0010000000000047748,-0.012000000000000455,123,0,OANDA,2022-01-02_2026-04-19,PROXY,aegis
9,exit,2022-07-18T14:45:00+00:00,intra,15.0,138.098,138.1,138.1,138.034,-0.001999999999981128,-0.001999999999981128,0.06400000000002137,123,0,OANDA,2022-01-02_2026-04-19,PROXY,aegis
10,entry,2022-09-07T14:45:00+00:00,intra,15.0,144.338,144.336,144.336,144.498,0.001999999999981128,0.001999999999981128,-0.1599999999999966,123,0,OANDA,2022-01-02_2026-04-19,PROXY,aegis
10,exit,2022-09-07T15:45:00+00:00,intra,15.0,144.363,144.45,144.448,144.388,-0.08699999999998909,-0.08500000000000796,-0.025000000000005684,123,0,OANDA,2022-01-02_2026-04-19,PROXY,aegis
11,entry,2022-09-28T16:15:00+00:00,intra,15.0,144.07,144.068,144.07,144.306,0.001999999999981128,0.0,-0.23600000000001842,123,0,OANDA,2022-01-02_2026-04-19,PROXY,aegis
11,exit,2022-09-28T17:00:00+00:00,intra,15.0,144.089,144.22,144.218,144.099,-0.13100000000000023,-0.12899999999999068,-0.009999999999990905,123,0,OANDA,2022-01-02_2026-04-19,PROXY,aegis
12,entry,2022-10-03T14:30:00+00:00,intra,15.0,144.556,144.553,144.552,144.525,0.0030000000000143245,0.004000000000019099,0.03100000000000591,123,0,OANDA,2022-01-02_2026-04-19,PROXY,aegis
12,exit,2022-10-03T15:00:00+00:00,intra,15.0,144.378,144.467,144.464,144.259,-0.08900000000002706,-0.08600000000001273,0.11899999999999977,123,0,OANDA,2022-01-02_2026-04-19,PROXY,aegis
13,entry,2022-10-04T16:15:00+00:00,intra,15.0,144.209,144.207,144.204,144.094,0.0020000000000095497,0.0049999999999954525,0.1150000000000091,123,0,OANDA,2022-01-02_2026-04-19,PROXY,aegis
13,exit,2022-10-04T16:30:00+00:00,intra,15.0,144.092,144.094,144.098,144.05,-0.001999999999981128,-0.006000000000000227,0.04200000000000159,123,0,OANDA,2022-01-02_2026-04-19,PROXY,aegis
14,entry,2022-10-11T16:45:00+00:00,intra,15.0,145.479,145.477,145.48,145.565,0.0020000000000095497,-0.0009999999999763531,-0.08599999999998431,123,0,OANDA,2022-01-02_2026-04-19,PROXY,aegis
14,exit,2022-10-11T18:15:00+00:00,intra,15.0,145.718,145.678,145.678,145.71,0.03999999999999204,0.03999999999999204,0.007999999999981355,123,0,OANDA,2022-01-02_2026-04-19,PROXY,aegis
15,entry,2022-10-26T14:15:00+00:00,intra,15.0,146.585,146.583,146.58,146.596,0.0020000000000095497,0.0049999999999954525,-0.01099999999999568,123,0,OANDA,2022-01-02_2026-04-19,PROXY,aegis
15,exit,2022-10-26T14:30:00+00:00,intra,15.0,146.595,146.596,146.599,146.758,-0.0010000000000047748,-0.003999999999990678,-0.16300000000001091,123,0,OANDA,2022-01-02_2026-04-19,PROXY,aegis
16,entry,2022-11-14T18:15:00+00:00,intra,15.0,140.14,140.138,140.142,139.986,0.001999999999981128,-0.0020000000000095497,0.15399999999999636,123,0,OANDA,2022-01-02_2026-04-19,PROXY,aegis
16,exit,2022-11-14T18:45:00+00:00,intra,15.0,139.866,139.987,139.986,139.918,-0.1209999999999809,-0.11999999999997613,-0.0519999999999925,123,0,OANDA,2022-01-02_2026-04-19,PROXY,aegis
17,entry,2022-11-23T15:15:00+00:00,intra,15.0,140.286,140.284,140.284,140.222,0.0020000000000095497,0.0020000000000095497,0.06399999999999295,123,0,OANDA,2022-01-02_2026-04-19,PROXY,aegis
17,exit,2022-11-23T15:30:00+00:00,intra,15.0,140.22,140.222,140.218,139.893,-0.0020000000000095497,0.0020000000000095497,0.3269999999999982,123,0,OANDA,2022-01-02_2026-04-19,PROXY,aegis
18,entry,2022-12-07T18:15:00+00:00,intra,15.0,136.271,136.269,136.271,136.322,0.001999999999981128,0.0,-0.051000000000016144,123,0,OANDA,2022-01-02_2026-04-19,PROXY,aegis
18,exit,2022-12-07T18:30:00+00:00,intra,15.0,136.294,136.322,136.328,136.308,-0.027999999999991587,-0.033999999999991815,-0.013999999999981583,123,0,OANDA,2022-01-02_2026-04-19,PROXY,aegis
19,entry,2023-01-11T18:15:00+00:00,intra,15.0,132.355,132.353,132.354,132.53,0.001999999999981128,0.0009999999999763531,-0.17500000000001137,123,0,OANDA,2022-01-02_2026-04-19,PROXY,aegis
19,exit,2023-01-11T18:15:00+00:00,intra,15.0,132.638,132.353,132.354,132.53,0.2849999999999966,0.2839999999999918,0.10800000000000409,123,0,OANDA,2022-01-02_2026-04-19,PROXY,aegis
20,entry,2023-01-25T15:15:00+00:00,intra,15.0,129.502,129.5,129.498,129.429,0.0020000000000095497,0.004000000000019099,0.0730000000000075,123,0,OANDA,2022-01-02_2026-04-19,PROXY,aegis
20,exit,2023-01-25T15:45:00+00:00,intra,15.0,129.522,129.576,129.572,129.59,-0.054000000000002046,-0.05000000000001137,-0.06800000000001205,123,0,OANDA,2022-01-02_2026-04-19,PROXY,aegis
21,entry,2023-02-07T18:00:00+00:00,intra,15.0,130.572,130.57,130.574,130.936,0.0020000000000095497,-0.0020000000000095497,-0.3640000000000043,123,0,OANDA,2022-01-02_2026-04-19,PROXY,aegis
21,exit,2023-02-08T04:00:00+00:00,intra,15.0,131.126,131.128,131.128,131.104,-0.001999999999981128,-0.001999999999981128,0.02199999999999136,123,0,OANDA,2022-01-02_2026-04-19,PROXY,aegis
22,entry,2023-03-06T15:15:00+00:00,intra,15.0,135.674,135.672,135.673,135.828,0.0020000000000095497,0.0010000000000047748,-0.15399999999999636,123,0,OANDA,2022-01-02_2026-04-19,PROXY,aegis
22,exit,2023-03-06T18:45:00+00:00,intra,15.0,136.057,135.988,135.988,136.051,0.0689999999999884,0.0689999999999884,0.006000000000000227,123,0,OANDA,2022-01-02_2026-04-19,PROXY,aegis
23,entry,2023-03-08T15:30:00+00:00,intra,15.0,136.632,136.63,136.628,136.747,0.0020000000000095497,0.004000000000019099,-0.1150000000000091,123,0,OANDA,2022-01-02_2026-04-19,PROXY,aegis
23,exit,2023-03-08T17:45:00+00:00,intra,15.0,137.221,137.096,137.1,137.203,0.125,0.12100000000000932,0.018000000000000682,123,0,OANDA,2022-01-02_2026-04-19,PROXY,aegis
24,entry,2023-03-22T14:45:00+00:00,intra,15.0,132.557,132.555,132.555,132.527,0.001999999999981128,0.001999999999981128,0.030000000000001137,123,0,OANDA,2022-01-02_2026-04-19,PROXY,aegis
24,exit,2023-03-22T15:15:00+00:00,intra,15.0,132.564,132.598,132.599,132.568,-0.034000000000020236,-0.03499999999999659,-0.004000000000019099,123,0,OANDA,2022-01-02_2026-04-19,PROXY,aegis
25,entry,2023-03-28T17:45:00+00:00,intra,15.0,130.642,130.64,130.64,130.624,0.0020000000000095497,0.0020000000000095497,0.018000000000000682,123,0,OANDA,2022-01-02_2026-04-19,PROXY,aegis
25,exit,2023-03-28T18:15:00+00:00,intra,15.0,130.649,130.651,130.651,130.738,-0.0020000000000095497,-0.0020000000000095497,-0.08899999999999864,123,0,OANDA,2022-01-02_2026-04-19,PROXY,aegis
26,entry,2023-04-03T14:15:00+00:00,intra,15.0,132.461,132.459,132.456,132.336,0.0020000000000095497,0.005000000000023874,0.125,123,0,OANDA,2022-01-02_2026-04-19,PROXY,aegis
26,exit,2023-04-03T15:00:00+00:00,intra,15.0,132.33,132.332,132.338,132.272,-0.001999999999981128,-0.007999999999981355,0.058000000000021146,123,0,OANDA,2022-01-02_2026-04-19,PROXY,aegis
27,entry,2023-04-05T14:15:00+00:00,intra,15.0,130.808,130.806,130.808,130.992,0.001999999999981128,0.0,-0.1839999999999975,123,0,OANDA,2022-01-02_2026-04-19,PROXY,aegis
27,exit,2023-04-05T15:00:00+00:00,intra,15.0,130.83,130.886,130.886,131.022,-0.055999999999983174,-0.055999999999983174,-0.19199999999997885,123,0,OANDA,2022-01-02_2026-04-19,PROXY,aegis
28,entry,2023-04-24T14:45:00+00:00,intra,15.0,134.385,134.383,134.382,134.436,0.001999999999981128,0.002999999999985903,-0.051000000000016144,123,0,OANDA,2022-01-02_2026-04-19,PROXY,aegis
28,exit,2023-04-24T15:00:00+00:00,intra,15.0,134.397,134.436,134.436,134.414,-0.03900000000001569,-0.03900000000001569,-0.016999999999995907,123,0,OANDA,2022-01-02_2026-04-19,PROXY,aegis
29,entry,2023-04-25T17:15:00+00:00,intra,15.0,133.768,133.764,133.766,133.652,0.003999999999990678,0.0020000000000095497,0.11600000000001387,123,0,OANDA,2022-01-02_2026-04-19,PROXY,aegis
29,exit,2023-04-25T17:30:00+00:00,intra,15.0,133.603,133.652,133.649,133.62,-0.04899999999997817,-0.04599999999999227,-0.016999999999995907,123,0,OANDA,2022-01-02_2026-04-19,PROXY,aegis
30,entry,2023-05-03T14:15:00+00:00,intra,15.0,135.264,135.262,135.262,135.308,0.0020000000000095497,0.0020000000000095497,-0.04399999999998272,123,0,OANDA,2022-01-02_2026-04-19,PROXY,aegis
30,exit,2023-05-03T14:30:00+00:00,intra,15.0,135.282,135.308,135.307,135.167,-0.025999999999982037,-0.024999999999977263,0.1150000000000091,123,0,OANDA,2022-01-02_2026-04-19,PROXY,aegis
31,entry,2023-05-10T17:15:00+00:00,intra,15.0,134.254,134.252,134.25,134.229,0.001999999999981128,0.003999999999990678,0.024999999999977263,123,0,OANDA,2022-01-02_2026-04-19,PROXY,aegis
31,exit,2023-05-10T18:15:00+00:00,intra,15.0,134.263,134.265,134.266,134.279,-0.001999999999981128,-0.002999999999985903,-0.015999999999991132,123,0,OANDA,2022-01-02_2026-04-19,PROXY,aegis
32,entry,2023-05-22T17:15:00+00:00,intra,15.0,138.33,138.328,138.322,138.501,0.0020000000000095497,0.008000000000009777,-0.17099999999999227,123,0,OANDA,2022-01-02_2026-04-19,PROXY,aegis
32,exit,2023-05-22T23:15:00+00:00,intra,15.0,138.636,138.618,138.62,138.694,0.018000000000000682,0.015999999999991132,-0.057999999999992724,123,0,OANDA,2022-01-02_2026-04-19,PROXY,aegis
33,entry,2023-06-05T14:15:00+00:00,intra,15.0,139.329,139.327,139.332,139.353,0.0020000000000095497,-0.002999999999985903,-0.02400000000000091,123,0,OANDA,2022-01-02_2026-04-19,PROXY,aegis
33,exit,2023-06-05T14:30:00+00:00,intra,15.0,139.345,139.353,139.356,139.456,-0.008000000000009777,-0.01099999999999568,-0.11099999999999,123,0,OANDA,2022-01-02_2026-04-19,PROXY,aegis
34,entry,2023-07-03T14:15:00+00:00,intra,15.0,144.222,144.22,144.219,144.442,0.0020000000000095497,0.0030000000000143245,-0.21999999999999886,123,0,OANDA,2022-01-02_2026-04-19,PROXY,aegis
34,exit,2023-07-03T19:00:00+00:00,intra,15.0,144.733,144.72,144.72,144.715,0.01300000000000523,0.01300000000000523,0.018000000000000682,123,0,OANDA,2022-01-02_2026-04-19,PROXY,aegis
35,entry,2023-07-10T14:15:00+00:00,intra,15.0,141.618,141.616,141.614,141.652,0.001999999999981128,0.003999999999990678,-0.033999999999991815,123,0,OANDA,2022-01-02_2026-04-19,PROXY,aegis
35,exit,2023-07-10T15:00:00+00:00,intra,15.0,141.635,141.696,141.694,141.576,-0.06100000000000705,-0.0589999999999975,0.0589999999999975,123,0,OANDA,2022-01-02_2026-04-19,PROXY,aegis
36,entry,2023-07-12T14:15:00+00:00,intra,15.0,138.645,138.643,138.64,138.708,0.0020000000000095497,0.005000000000023874,-0.06299999999998818,123,0,OANDA,2022-01-02_2026-04-19,PROXY,aegis
36,exit,2023-07-12T14:30:00+00:00,intra,15.0,138.668,138.708,138.708,138.476,-0.03999999999999204,-0.03999999999999204,0.19200000000000728,123,0,OANDA,2022-01-02_2026-04-19,PROXY,aegis
37,entry,2023-08-23T14:15:00+00:00,intra,15.0,144.896,144.894,144.896,144.748,0.001999999999981128,0.0,0.14799999999999613,123,0,OANDA,2022-01-02_2026-04-19,PROXY,aegis
37,exit,2023-08-23T14:15:00+00:00,intra,15.0,144.67,144.894,144.896,144.748,-0.22400000000001796,-0.2259999999999991,-0.07800000000000296,123,0,OANDA,2022-01-02_2026-04-19,PROXY,aegis
38,entry,2023-09-11T14:15:00+00:00,intra,15.0,146.206,146.204,146.204,146.324,0.001999999999981128,0.001999999999981128,-0.11800000000002342,123,0,OANDA,2022-01-02_2026-04-19,PROXY,aegis
38,exit,2023-09-12T00:00:00+00:00,intra,15.0,146.746,146.674,146.674,146.695,0.07200000000000273,0.07200000000000273,0.051000000000016144,123,0,OANDA,2022-01-02_2026-04-19,PROXY,aegis
39,entry,2023-09-13T16:30:00+00:00,intra,15.0,147.299,147.297,147.296,147.312,0.0020000000000095497,0.0030000000000143245,-0.01300000000000523,123,0,OANDA,2022-01-02_2026-04-19,PROXY,aegis
39,exit,2023-09-13T17:00:00+00:00,intra,15.0,147.312,147.348,147.348,147.24,-0.036000000000001364,-0.036000000000001364,0.07200000000000273,123,0,OANDA,2022-01-02_2026-04-19,PROXY,aegis
40,entry,2023-09-20T14:15:00+00:00,intra,15.0,147.67,147.668,147.666,147.74,0.001999999999981128,0.003999999999990678,-0.0700000000000216,123,0,OANDA,2022-01-02_2026-04-19,PROXY,aegis
40,exit,2023-09-20T14:45:00+00:00,intra,15.0,147.676,147.728,147.728,147.698,-0.05200000000002092,-0.05200000000002092,-0.02200000000001978,123,0,OANDA,2022-01-02_2026-04-19,PROXY,aegis
41,entry,2023-11-01T14:30:00+00:00,intra,15.0,150.916,150.914,150.913,150.843,0.0020000000000095497,0.002999999999985903,0.0730000000000075,123,0,OANDA,2022-01-02_2026-04-19,PROXY,aegis
41,exit,2023-11-01T18:00:00+00:00,intra,15.0,150.927,151.104,151.102,151.103,-0.17700000000002092,-0.17500000000001137,-0.17600000000001614,123,0,OANDA,2022-01-02_2026-04-19,PROXY,aegis
42,entry,2023-11-13T15:15:00+00:00,intra,15.0,151.471,151.469,151.47,151.584,0.0020000000000095497,0.0010000000000047748,-0.11299999999999955,123,0,OANDA,2022-01-02_2026-04-19,PROXY,aegis
42,exit,2023-11-14T01:15:00+00:00,intra,15.0,151.742,151.744,151.746,151.73,-0.0020000000000095497,-0.004000000000019099,0.012000000000000455,123,0,OANDA,2022-01-02_2026-04-19,PROXY,aegis
43,entry,2023-11-14T18:15:00+00:00,intra,15.0,150.527,150.525,150.52,150.544,0.001999999999981128,0.0069999999999765805,-0.01700000000002433,123,0,OANDA,2022-01-02_2026-04-19,PROXY,aegis
43,exit,2023-11-14T18:30:00+00:00,intra,15.0,150.539,150.544,150.545,150.511,-0.005000000000023874,-0.006000000000000227,0.027999999999991587,123,0,OANDA,2022-01-02_2026-04-19,PROXY,aegis
44,entry,2023-12-27T15:15:00+00:00,intra,15.0,142.51,142.508,142.51,142.399,0.001999999999981128,0.0,0.11099999999999,123,0,OANDA,2022-01-02_2026-04-19,PROXY,aegis
44,exit,2023-12-27T15:30:00+00:00,intra,15.0,142.376,142.399,142.4,142.418,-0.022999999999996135,-0.02400000000000091,-0.04200000000000159,123,0,OANDA,2022-01-02_2026-04-19,PROXY,aegis
45,entry,2024-01-08T15:15:00+00:00,intra,15.0,144.122,144.12,144.12,144.007,0.0020000000000095497,0.0020000000000095497,0.1150000000000091,123,0,OANDA,2022-01-02_2026-04-19,PROXY,aegis
45,exit,2024-01-08T15:30:00+00:00,intra,15.0,144.005,144.007,144.004,143.902,-0.0020000000000095497,0.0010000000000047748,0.10300000000000864,123,0,OANDA,2022-01-02_2026-04-19,PROXY,aegis
46,entry,2024-01-15T17:30:00+00:00,intra,15.0,145.69,145.688,145.687,145.716,0.0020000000000095497,0.002999999999985903,-0.02600000000001046,123,0,OANDA,2022-01-02_2026-04-19,PROXY,aegis
46,exit,2024-01-15T23:30:00+00:00,intra,15.0,145.873,145.848,145.85,145.84,0.024999999999977263,0.022999999999996135,0.03299999999998704,123,0,OANDA,2022-01-02_2026-04-19,PROXY,aegis
47,entry,2024-02-07T15:45:00+00:00,intra,15.0,147.8,147.798,147.798,147.944,0.0020000000000095497,0.0020000000000095497,-0.14399999999997704,123,0,OANDA,2022-01-02_2026-04-19,PROXY,aegis
47,exit,2024-02-07T18:30:00+00:00,intra,15.0,148.172,148.066,148.068,148.167,0.10599999999999454,0.103999999999985,0.0049999999999954525,123,0,OANDA,2022-01-02_2026-04-19,PROXY,aegis
48,entry,2024-02-14T17:45:00+00:00,intra,15.0,150.43,150.428,150.428,150.434,0.0020000000000095497,0.0020000000000095497,-0.003999999999990678,123,0,OANDA,2022-01-02_2026-04-19,PROXY,aegis
48,exit,2024-02-14T18:15:00+00:00,intra,15.0,150.439,150.45,150.45,150.504,-0.01099999999999568,-0.01099999999999568,-0.06499999999999773,123,0,OANDA,2022-01-02_2026-04-19,PROXY,aegis
49,entry,2024-03-13T14:45:00+00:00,intra,15.0,147.824,147.822,147.822,147.842,0.0020000000000095497,0.0020000000000095497,-0.018000000000000682,123,0,OANDA,2022-01-02_2026-04-19,PROXY,aegis
49,exit,2024-03-13T15:00:00+00:00,intra,15.0,147.833,147.842,147.842,147.796,-0.009000000000014552,-0.009000000000014552,0.03700000000000614,123,0,OANDA,2022-01-02_2026-04-19,PROXY,aegis
50,entry,2024-04-15T17:30:00+00:00,intra,15.0,154.14,154.138,154.138,154.224,0.001999999999981128,0.001999999999981128,-0.08400000000000318,123,0,OANDA,2022-01-02_2026-04-19,PROXY,aegis
50,exit,2024-04-15T22:00:00+00:00,intra,15.0,154.153,154.232,154.228,154.165,-0.07900000000000773,-0.07500000000001705,-0.012000000000000455,123,0,OANDA,2022-01-02_2026-04-19,PROXY,aegis
51,entry,2024-04-17T16:30:00+00:00,intra,15.0,154.375,154.373,154.374,154.363,0.0020000000000095497,0.0010000000000047748,0.012000000000000455,123,0,OANDA,2022-01-02_2026-04-19,PROXY,aegis
51,exit,2024-04-17T16:45:00+00:00,intra,15.0,154.361,154.363,154.362,154.276,-0.0020000000000095497,-0.0010000000000047748,0.08499999999997954,123,0,OANDA,2022-01-02_2026-04-19,PROXY,aegis
52,entry,2024-05-01T14:15:00+00:00,intra,15.0,157.472,157.47,157.472,157.586,0.0020000000000095497,0.0,-0.11400000000000432,123,0,OANDA,2022-01-02_2026-04-19,PROXY,aegis
52,exit,2024-05-01T18:00:00+00:00,intra,15.0,157.479,157.644,157.656,157.554,-0.16499999999999204,-0.1769999999999925,-0.07499999999998863,123,0,OANDA,2022-01-02_2026-04-19,PROXY,aegis
53,entry,2024-06-03T14:15:00+00:00,intra,15.0,156.284,156.282,156.28,156.33,0.001999999999981128,0.003999999999990678,-0.04600000000002069,123,0,OANDA,2022-01-02_2026-04-19,PROXY,aegis
53,exit,2024-06-03T14:30:00+00:00,intra,15.0,156.297,156.33,156.327,156.22,-0.03300000000001546,-0.030000000000001137,0.07699999999999818,123,0,OANDA,2022-01-02_2026-04-19,PROXY,aegis
54,entry,2024-06-04T17:45:00+00:00,intra,15.0,154.572,154.57,154.57,154.604,0.0020000000000095497,0.0020000000000095497,-0.03200000000001069,123,0,OANDA,2022-01-02_2026-04-19,PROXY,aegis
54,exit,2024-06-04T23:30:00+00:00,intra,15.0,154.981,154.955,154.956,155.112,0.025999999999982037,0.025000000000005684,-0.13100000000000023,123,0,OANDA,2022-01-02_2026-04-19,PROXY,aegis
55,entry,2024-06-17T16:15:00+00:00,intra,15.0,157.762,157.759,157.76,157.747,0.0030000000000143245,0.0020000000000095497,0.014999999999986358,123,0,OANDA,2022-01-02_2026-04-19,PROXY,aegis
55,exit,2024-06-17T16:30:00+00:00,intra,15.0,157.746,157.747,157.748,157.787,-0.0010000000000047748,-0.001999999999981128,-0.04099999999999682,123,0,OANDA,2022-01-02_2026-04-19,PROXY,aegis
56,entry,2024-07-03T14:15:00+00:00,intra,15.0,160.969,160.968,160.967,161.237,0.0010000000000047748,0.001999999999981128,-0.2680000000000007,123,0,OANDA,2022-01-02_2026-04-19,PROXY,aegis
56,exit,2024-07-04T00:15:00+00:00,intra,15.0,161.529,161.532,161.531,161.554,-0.0030000000000143245,-0.0020000000000095497,-0.025000000000005684,123,0,OANDA,2022-01-02_2026-04-19,PROXY,aegis
57,entry,2024-07-08T14:15:00+00:00,intra,15.0,160.559,160.556,160.557,160.549,0.002999999999985903,0.0020000000000095497,0.009999999999990905,123,0,OANDA,2022-01-02_2026-04-19,PROXY,aegis
57,exit,2024-07-08T14:45:00+00:00,intra,15.0,160.569,160.608,160.608,160.616,-0.03900000000001569,-0.03900000000001569,-0.047000000000025466,123,0,OANDA,2022-01-02_2026-04-19,PROXY,aegis
58,entry,2024-07-15T14:15:00+00:00,intra,15.0,157.891,157.888,157.889,157.887,0.002999999999985903,0.001999999999981128,0.003999999999990678,123,0,OANDA,2022-01-02_2026-04-19,PROXY,aegis
58,exit,2024-07-15T14:30:00+00:00,intra,15.0,157.886,157.887,157.888,157.913,-0.0010000000000047748,-0.0020000000000095497,-0.027000000000015234,123,0,OANDA,2022-01-02_2026-04-19,PROXY,aegis
59,entry,2024-07-17T16:45:00+00:00,intra,15.0,156.26,156.258,156.258,156.306,0.001999999999981128,0.001999999999981128,-0.04600000000002069,123,0,OANDA,2022-01-02_2026-04-19,PROXY,aegis
59,exit,2024-07-17T17:00:00+00:00,intra,15.0,156.284,156.306,156.304,156.268,-0.02200000000001978,-0.020000000000010232,0.015999999999991132,123,0,OANDA,2022-01-02_2026-04-19,PROXY,aegis
60,entry,2024-07-23T16:45:00+00:00,intra,15.0,155.77,155.767,155.768,155.786,0.0030000000000143245,0.0020000000000095497,-0.015999999999991132,123,0,OANDA,2022-01-02_2026-04-19,PROXY,aegis
60,exit,2024-07-23T17:00:00+00:00,intra,15.0,155.783,155.786,155.786,155.738,-0.0030000000000143245,-0.0030000000000143245,0.044999999999987494,123,0,OANDA,2022-01-02_2026-04-19,PROXY,aegis
61,entry,2024-08-07T14:30:00+00:00,intra,15.0,146.685,146.684,146.683,146.918,0.0010000000000047748,0.0020000000000095497,-0.2330000000000041,123,0,OANDA,2022-01-02_2026-04-19,PROXY,aegis
61,exit,2024-08-07T14:45:00+00:00,intra,15.0,147.369,146.918,146.919,147.274,0.4509999999999934,0.44999999999998863,0.09499999999999886,123,0,OANDA,2022-01-02_2026-04-19,PROXY,aegis
62,entry,2024-08-21T16:15:00+00:00,intra,15.0,145.108,145.11,145.106,145.116,-0.0020000000000095497,0.0020000000000095497,-0.008000000000009777,123,0,OANDA,2022-01-02_2026-04-19,PROXY,aegis
62,exit,2024-08-21T17:00:00+00:00,intra,15.0,145.146,145.193,145.194,145.159,-0.047000000000025466,-0.04800000000000182,-0.01300000000000523,123,0,OANDA,2022-01-02_2026-04-19,PROXY,aegis
63,entry,2024-08-27T17:15:00+00:00,intra,15.0,144.036,144.035,144.034,144.026,0.0010000000000047748,0.0020000000000095497,0.009999999999990905,123,0,OANDA,2022-01-02_2026-04-19,PROXY,aegis
63,exit,2024-08-27T17:45:00+00:00,intra,15.0,144.05,144.062,144.062,144.152,-0.012000000000000455,-0.012000000000000455,-0.10199999999997544,123,0,OANDA,2022-01-02_2026-04-19,PROXY,aegis
64,entry,2024-09-02T17:00:00+00:00,intra,15.0,146.83,146.819,146.828,146.846,0.011000000000024102,0.0020000000000095497,-0.015999999999991132,123,0,OANDA,2022-01-02_2026-04-19,PROXY,aegis
64,exit,2024-09-02T17:30:00+00:00,intra,15.0,146.83,146.838,146.838,146.88,-0.007999999999981355,-0.007999999999981355,-0.04999999999998295,123,0,OANDA,2022-01-02_2026-04-19,PROXY,aegis
65,entry,2024-09-04T14:15:00+00:00,intra,15.0,144.292,144.291,144.29,144.218,0.0010000000000047748,0.0020000000000095497,0.07400000000001228,123,0,OANDA,2022-01-02_2026-04-19,PROXY,aegis
65,exit,2024-09-04T14:30:00+00:00,intra,15.0,144.216,144.218,144.218,144.202,-0.001999999999981128,-0.001999999999981128,0.014000000000010004,123,0,OANDA,2022-01-02_2026-04-19,PROXY,aegis
66,entry,2024-09-23T16:30:00+00:00,intra,15.0,143.416,143.412,143.414,143.338,0.003999999999990678,0.0020000000000095497,0.07800000000000296,123,0,OANDA,2022-01-02_2026-04-19,PROXY,aegis
66,exit,2024-09-23T16:45:00+00:00,intra,15.0,143.338,143.338,143.34,143.347,0.0,-0.0020000000000095497,-0.009000000000014552,123,0,OANDA,2022-01-02_2026-04-19,PROXY,aegis
67,entry,2024-11-05T17:15:00+00:00,intra,15.0,151.704,151.702,151.702,151.707,0.0020000000000095497,0.0020000000000095497,-0.002999999999985903,123,0,OANDA,2022-01-02_2026-04-19,PROXY,aegis
67,exit,2024-11-05T17:30:00+00:00,intra,15.0,151.705,151.707,151.708,151.633,-0.001999999999981128,-0.002999999999985903,0.07200000000000273,123,0,OANDA,2022-01-02_2026-04-19,PROXY,aegis
68,entry,2024-11-20T15:15:00+00:00,intra,15.0,155.265,155.264,155.263,155.192,0.0009999999999763531,0.001999999999981128,0.07299999999997908,123,0,OANDA,2022-01-02_2026-04-19,PROXY,aegis
68,exit,2024-11-20T15:30:00+00:00,intra,15.0,155.184,155.192,155.186,155.307,-0.008000000000009777,-0.0020000000000095497,-0.12299999999999045,123,0,OANDA,2022-01-02_2026-04-19,PROXY,aegis
69,entry,2024-11-27T17:15:00+00:00,intra,15.0,150.708,150.706,150.706,150.73,0.0020000000000095497,0.0020000000000095497,-0.02199999999999136,123,0,OANDA,2022-01-02_2026-04-19,PROXY,aegis
69,exit,2024-11-27T17:45:00+00:00,intra,15.0,150.74,150.787,150.786,150.762,-0.046999999999997044,-0.04599999999999227,-0.02199999999999136,123,0,OANDA,2022-01-02_2026-04-19,PROXY,aegis
70,entry,2024-12-04T15:15:00+00:00,intra,15.0,150.512,150.506,150.51,150.472,0.006000000000000227,0.0020000000000095497,0.03999999999999204,123,0,OANDA,2022-01-02_2026-04-19,PROXY,aegis
70,exit,2024-12-04T15:30:00+00:00,intra,15.0,150.471,150.472,150.473,150.504,-0.0010000000000047748,-0.0020000000000095497,-0.03299999999998704,123,0,OANDA,2022-01-02_2026-04-19,PROXY,aegis
71,entry,2024-12-17T18:45:00+00:00,intra,15.0,153.165,153.162,153.163,153.277,0.002999999999985903,0.001999999999981128,-0.11199999999999477,123,0,OANDA,2022-01-02_2026-04-19,PROXY,aegis
71,exit,2024-12-17T20:45:00+00:00,intra,15.0,153.53,153.498,153.498,153.522,0.03200000000001069,0.03200000000001069,0.008000000000009777,123,0,OANDA,2022-01-02_2026-04-19,PROXY,aegis
72,entry,2024-12-23T17:15:00+00:00,intra,15.0,157.008,157.006,157.006,157.092,0.0020000000000095497,0.0020000000000095497,-0.08400000000000318,123,0,OANDA,2022-01-02_2026-04-19,PROXY,aegis
72,exit,2024-12-23T23:15:00+00:00,intra,15.0,157.226,157.165,157.164,157.134,0.06100000000000705,0.06200000000001182,0.09200000000001296,123,0,OANDA,2022-01-02_2026-04-19,PROXY,aegis
73,entry,2025-02-03T15:15:00+00:00,intra,15.0,154.177,154.174,154.175,154.69,0.002999999999985903,0.001999999999981128,-0.5130000000000052,123,0,OANDA,2022-01-02_2026-04-19,PROXY,aegis
73,exit,2025-02-03T15:15:00+00:00,intra,15.0,154.757,154.174,154.175,154.69,0.5829999999999984,0.5819999999999936,0.06700000000000728,123,0,OANDA,2022-01-02_2026-04-19,PROXY,aegis
74,entry,2025-02-05T15:15:00+00:00,intra,15.0,152.355,152.354,152.353,152.238,0.0009999999999763531,0.001999999999981128,0.11699999999999022,123,0,OANDA,2022-01-02_2026-04-19,PROXY,aegis
74,exit,2025-02-05T17:30:00+00:00,intra,15.0,152.379,152.41,152.41,152.373,-0.03100000000000591,-0.03100000000000591,0.006000000000000227,123,0,OANDA,2022-01-02_2026-04-19,PROXY,aegis
75,entry,2025-02-19T15:15:00+00:00,intra,15.0,151.386,151.383,151.384,151.33,0.002999999999985903,0.0020000000000095497,0.055999999999983174,123,0,OANDA,2022-01-02_2026-04-19,PROXY,aegis
75,exit,2025-02-19T15:45:00+00:00,intra,15.0,151.386,151.389,151.388,151.42,-0.0030000000000143245,-0.0020000000000095497,-0.033999999999991815,123,0,OANDA,2022-01-02_2026-04-19,PROXY,aegis
76,entry,2025-02-24T15:15:00+00:00,intra,15.0,149.385,149.382,149.383,149.344,0.002999999999985903,0.001999999999981128,0.04099999999999682,123,0,OANDA,2022-01-02_2026-04-19,PROXY,aegis
76,exit,2025-02-24T15:30:00+00:00,intra,15.0,149.34,149.344,149.342,149.24,-0.003999999999990678,-0.0020000000000095497,0.09999999999999432,123,0,OANDA,2022-01-02_2026-04-19,PROXY,aegis
77,entry,2025-02-26T17:30:00+00:00,intra,15.0,149.099,149.096,149.097,149.045,0.002999999999985903,0.001999999999981128,0.054000000000002046,123,0,OANDA,2022-01-02_2026-04-19,PROXY,aegis
77,exit,2025-02-26T17:45:00+00:00,intra,15.0,149.04,149.045,149.044,149.15,-0.0049999999999954525,-0.004000000000019099,-0.11000000000001364,123,0,OANDA,2022-01-02_2026-04-19,PROXY,aegis
78,entry,2025-03-03T15:15:00+00:00,intra,15.0,150.183,150.182,150.181,150.266,0.0010000000000047748,0.001999999999981128,-0.08299999999999841,123,0,OANDA,2022-01-02_2026-04-19,PROXY,aegis
78,exit,2025-03-03T15:30:00+00:00,intra,15.0,150.206,150.266,150.269,150.23,-0.060000000000002274,-0.0630000000000166,-0.02400000000000091,123,0,OANDA,2022-01-02_2026-04-19,PROXY,aegis
79,entry,2025-03-10T14:45:00+00:00,intra,15.0,146.648,146.646,146.646,146.768,0.0020000000000095497,0.0020000000000095497,-0.12000000000000455,123,0,OANDA,2022-01-02_2026-04-19,PROXY,aegis
79,exit,2025-03-10T15:15:00+00:00,intra,15.0,147.086,146.932,146.932,147.093,0.15400000000002478,0.15400000000002478,-0.0069999999999765805,123,0,OANDA,2022-01-02_2026-04-19,PROXY,aegis
80,entry,2025-03-12T14:45:00+00:00,intra,15.0,148.384,148.382,148.382,148.321,0.001999999999981128,0.001999999999981128,0.06299999999998818,123,0,OANDA,2022-01-02_2026-04-19,PROXY,aegis
80,exit,2025-03-12T15:00:00+00:00,intra,15.0,148.32,148.321,148.322,148.276,-0.0010000000000047748,-0.0020000000000095497,0.04399999999998272,123,0,OANDA,2022-01-02_2026-04-19,PROXY,aegis
81,entry,2025-03-18T16:45:00+00:00,intra,15.0,149.365,149.362,149.363,149.424,0.0030000000000143245,0.0020000000000095497,-0.0589999999999975,123,0,OANDA,2022-01-02_2026-04-19,PROXY,aegis
81,exit,2025-03-18T17:00:00+00:00,intra,15.0,149.38,149.424,149.423,149.293,-0.04400000000001114,-0.043000000000006366,0.08699999999998909,123,0,OANDA,2022-01-02_2026-04-19,PROXY,aegis
82,entry,2025-04-08T17:15:00+00:00,intra,15.0,146.362,146.358,146.36,146.274,0.003999999999990678,0.001999999999981128,0.08799999999999386,123,0,OANDA,2022-01-02_2026-04-19,PROXY,aegis
82,exit,2025-04-08T17:30:00+00:00,intra,15.0,146.272,146.274,146.274,146.574,-0.0020000000000095497,-0.0020000000000095497,-0.3020000000000209,123,0,OANDA,2022-01-02_2026-04-19,PROXY,aegis
83,entry,2025-04-16T17:45:00+00:00,intra,15.0,142.364,142.362,142.362,142.358,0.0020000000000095497,0.0020000000000095497,0.006000000000000227,123,0,OANDA,2022-01-02_2026-04-19,PROXY,aegis
83,exit,2025-04-16T18:00:00+00:00,intra,15.0,142.356,142.358,142.358,142.37,-0.0020000000000095497,-0.0020000000000095497,-0.014000000000010004,123,0,OANDA,2022-01-02_2026-04-19,PROXY,aegis
84,entry,2025-04-21T14:30:00+00:00,intra,15.0,140.606,140.604,140.604,140.856,0.001999999999981128,0.001999999999981128,-0.25,123,0,OANDA,2022-01-02_2026-04-19,PROXY,aegis
84,exit,2025-04-21T15:00:00+00:00,intra,15.0,140.96,140.904,140.904,140.964,0.056000000000011596,0.056000000000011596,-0.003999999999990678,123,0,OANDA,2022-01-02_2026-04-19,PROXY,aegis
85,entry,2025-04-28T14:30:00+00:00,intra,15.0,142.973,142.974,142.971,142.701,-0.0009999999999763531,0.0020000000000095497,0.2720000000000198,123,0,OANDA,2022-01-02_2026-04-19,PROXY,aegis
85,exit,2025-04-28T14:30:00+00:00,intra,15.0,142.793,142.974,142.971,142.701,-0.18099999999998317,-0.17799999999999727,0.09200000000001296,123,0,OANDA,2022-01-02_2026-04-19,PROXY,aegis
86,entry,2025-05-13T16:45:00+00:00,intra,15.0,147.55,147.55,147.548,147.611,0.0,0.0020000000000095497,-0.06099999999997863,123,0,OANDA,2022-01-02_2026-04-19,PROXY,aegis
86,exit,2025-05-13T17:45:00+00:00,intra,15.0,147.573,147.7,147.702,147.613,-0.12699999999998113,-0.12899999999999068,-0.03999999999999204,123,0,OANDA,2022-01-02_2026-04-19,PROXY,aegis
87,entry,2025-05-21T17:30:00+00:00,intra,15.0,143.328,143.327,143.326,143.494,0.0010000000000047748,0.0020000000000095497,-0.16599999999999682,123,0,OANDA,2022-01-02_2026-04-19,PROXY,aegis
87,exit,2025-05-21T22:00:00+00:00,intra,15.0,143.794,143.684,143.678,144.139,0.11000000000001364,0.11600000000001387,-0.34499999999999886,123,0,OANDA,2022-01-02_2026-04-19,PROXY,aegis
88,entry,2025-05-26T14:30:00+00:00,intra,15.0,142.804,142.804,142.802,142.785,0.0,0.0020000000000095497,0.019000000000005457,123,0,OANDA,2022-01-02_2026-04-19,PROXY,aegis
88,exit,2025-05-26T15:30:00+00:00,intra,15.0,142.814,142.836,142.835,142.824,-0.02200000000001978,-0.021000000000015007,-0.010000000000019327,123,0,OANDA,2022-01-02_2026-04-19,PROXY,aegis
89,entry,2025-06-02T14:15:00+00:00,intra,15.0,142.62,142.616,142.618,142.632,0.003999999999990678,0.0020000000000095497,-0.012000000000000455,123,0,OANDA,2022-01-02_2026-04-19,PROXY,aegis
89,exit,2025-06-02T14:30:00+00:00,intra,15.0,142.629,142.632,142.631,142.658,-0.0030000000000143245,-0.0020000000000095497,-0.028999999999996362,123,0,OANDA,2022-01-02_2026-04-19,PROXY,aegis
90,entry,2025-06-04T14:15:00+00:00,intra,15.0,143.244,143.242,143.242,143.245,0.0020000000000095497,0.0020000000000095497,-0.0010000000000047748,123,0,OANDA,2022-01-02_2026-04-19,PROXY,aegis
90,exit,2025-06-04T14:30:00+00:00,intra,15.0,143.242,143.245,143.244,143.026,-0.0030000000000143245,-0.0020000000000095497,0.21599999999997976,123,0,OANDA,2022-01-02_2026-04-19,PROXY,aegis
91,entry,2025-06-16T14:15:00+00:00,intra,15.0,143.767,143.764,143.765,143.746,0.002999999999985903,0.0020000000000095497,0.020999999999986585,123,0,OANDA,2022-01-02_2026-04-19,PROXY,aegis
91,exit,2025-06-16T15:15:00+00:00,intra,15.0,144.134,144.026,144.026,144.1,0.10799999999997567,0.10799999999997567,0.033999999999991815,123,0,OANDA,2022-01-02_2026-04-19,PROXY,aegis
92,entry,2025-06-23T14:15:00+00:00,intra,15.0,146.816,146.815,146.814,146.788,0.0010000000000047748,0.0020000000000095497,0.027999999999991587,123,0,OANDA,2022-01-02_2026-04-19,PROXY,aegis
92,exit,2025-06-23T14:30:00+00:00,intra,15.0,146.786,146.788,146.788,146.659,-0.0020000000000095497,-0.0020000000000095497,0.12700000000000955,123,0,OANDA,2022-01-02_2026-04-19,PROXY,aegis
93,entry,2025-06-25T16:15:00+00:00,intra,15.0,145.462,145.46,145.46,145.43,0.001999999999981128,0.001999999999981128,0.031999999999982265,123,0,OANDA,2022-01-02_2026-04-19,PROXY,aegis
93,exit,2025-06-25T16:30:00+00:00,intra,15.0,145.429,145.43,145.431,145.415,-0.0010000000000047748,-0.0020000000000095497,0.014000000000010004,123,0,OANDA,2022-01-02_2026-04-19,PROXY,aegis
94,entry,2025-07-09T14:15:00+00:00,intra,15.0,146.316,146.316,146.314,146.374,0.0,0.0020000000000095497,-0.057999999999992724,123,0,OANDA,2022-01-02_2026-04-19,PROXY,aegis
94,exit,2025-07-09T14:30:00+00:00,intra,15.0,146.331,146.374,146.376,146.397,-0.043000000000006366,-0.045000000000015916,-0.0660000000000025,123,0,OANDA,2022-01-02_2026-04-19,PROXY,aegis
95,entry,2025-07-21T16:15:00+00:00,intra,15.0,147.182,147.18,147.18,147.12,0.001999999999981128,0.001999999999981128,0.0619999999999834,123,0,OANDA,2022-01-02_2026-04-19,PROXY,aegis
95,exit,2025-07-21T16:30:00+00:00,intra,15.0,147.116,147.12,147.118,147.126,-0.003999999999990678,-0.001999999999981128,-0.009999999999990905,123,0,OANDA,2022-01-02_2026-04-19,PROXY,aegis
96,entry,2025-08-19T17:15:00+00:00,intra,15.0,147.486,147.484,147.484,147.57,0.001999999999981128,0.001999999999981128,-0.08400000000000318,123,0,OANDA,2022-01-02_2026-04-19,PROXY,aegis
96,exit,2025-08-19T17:30:00+00:00,intra,15.0,147.496,147.57,147.569,147.516,-0.07399999999998386,-0.07299999999997908,-0.01999999999998181,123,0,OANDA,2022-01-02_2026-04-19,PROXY,aegis
97,entry,2025-08-20T14:15:00+00:00,intra,15.0,147.192,147.194,147.19,147.166,-0.001999999999981128,0.0020000000000095497,0.02600000000001046,123,0,OANDA,2022-01-02_2026-04-19,PROXY,aegis
97,exit,2025-08-20T14:30:00+00:00,intra,15.0,147.165,147.166,147.167,147.12,-0.0010000000000047748,-0.0020000000000095497,0.044999999999987494,123,0,OANDA,2022-01-02_2026-04-19,PROXY,aegis
98,entry,2025-08-26T16:30:00+00:00,intra,15.0,147.178,147.176,147.176,147.234,0.0020000000000095497,0.0020000000000095497,-0.056000000000011596,123,0,OANDA,2022-01-02_2026-04-19,PROXY,aegis
98,exit,2025-08-26T18:15:00+00:00,intra,15.0,147.541,147.508,147.507,147.482,0.03299999999998704,0.033999999999991815,0.0589999999999975,123,0,OANDA,2022-01-02_2026-04-19,PROXY,aegis
99,entry,2025-08-27T14:30:00+00:00,intra,15.0,147.952,147.95,147.95,147.944,0.0020000000000095497,0.0020000000000095497,0.008000000000009777,123,0,OANDA,2022-01-02_2026-04-19,PROXY,aegis
99,exit,2025-08-27T14:45:00+00:00,intra,15.0,147.942,147.944,147.944,147.865,-0.001999999999981128,-0.001999999999981128,0.07699999999999818,123,0,OANDA,2022-01-02_2026-04-19,PROXY,aegis
100,entry,2025-09-03T14:15:00+00:00,intra,15.0,148.191,148.188,148.189,148.117,0.0030000000000143245,0.0020000000000095497,0.07400000000001228,123,0,OANDA,2022-01-02_2026-04-19,PROXY,aegis
100,exit,2025-09-03T14:45:00+00:00,intra,15.0,148.14,148.144,148.142,148.172,-0.004000000000019099,-0.0020000000000095497,-0.03200000000001069,123,0,OANDA,2022-01-02_2026-04-19,PROXY,aegis
101,entry,2025-09-10T14:15:00+00:00,intra,15.0,147.28,147.276,147.278,147.334,0.003999999999990678,0.0020000000000095497,-0.054000000000002046,123,0,OANDA,2022-01-02_2026-04-19,PROXY,aegis
101,exit,2025-09-10T14:30:00+00:00,intra,15.0,147.291,147.334,147.333,147.345,-0.043000000000006366,-0.04200000000000159,-0.054000000000002046,123,0,OANDA,2022-01-02_2026-04-19,PROXY,aegis
102,entry,2025-09-22T17:00:00+00:00,intra,15.0,147.744,147.742,147.742,147.768,0.0020000000000095497,0.0020000000000095497,-0.02400000000000091,123,0,OANDA,2022-01-02_2026-04-19,PROXY,aegis
102,exit,2025-09-22T17:15:00+00:00,intra,15.0,147.752,147.768,147.768,147.732,-0.015999999999991132,-0.015999999999991132,0.020000000000010232,123,0,OANDA,2022-01-02_2026-04-19,PROXY,aegis
103,entry,2025-09-23T17:45:00+00:00,intra,15.0,147.536,147.536,147.534,147.582,0.0,0.0020000000000095497,-0.04599999999999227,123,0,OANDA,2022-01-02_2026-04-19,PROXY,aegis
103,exit,2025-09-23T18:00:00+00:00,intra,15.0,147.549,147.582,147.585,147.538,-0.03299999999998704,-0.036000000000001364,0.01099999999999568,123,0,OANDA,2022-01-02_2026-04-19,PROXY,aegis
104,entry,2025-10-14T16:45:00+00:00,intra,15.0,151.69,151.687,151.688,151.74,0.002999999999985903,0.0020000000000095497,-0.05000000000001137,123,0,OANDA,2022-01-02_2026-04-19,PROXY,aegis
104,exit,2025-10-14T17:00:00+00:00,intra,15.0,151.706,151.74,151.742,151.825,-0.034000000000020236,-0.036000000000001364,-0.11899999999999977,123,0,OANDA,2022-01-02_2026-04-19,PROXY,aegis
105,entry,2025-10-20T14:30:00+00:00,intra,15.0,150.543,150.539,150.541,150.516,0.004000000000019099,0.0020000000000095497,0.027000000000015234,123,0,OANDA,2022-01-02_2026-04-19,PROXY,aegis
105,exit,2025-10-20T15:00:00+00:00,intra,15.0,150.554,150.593,150.593,150.558,-0.03899999999998727,-0.03899999999998727,-0.003999999999990678,123,0,OANDA,2022-01-02_2026-04-19,PROXY,aegis
106,entry,2025-10-22T17:45:00+00:00,intra,15.0,151.617,151.616,151.615,151.646,0.0009999999999763531,0.001999999999981128,-0.028999999999996362,123,0,OANDA,2022-01-02_2026-04-19,PROXY,aegis
106,exit,2025-10-22T19:00:00+00:00,intra,15.0,151.898,151.88,151.881,151.896,0.018000000000000682,0.016999999999995907,0.0020000000000095497,123,0,OANDA,2022-01-02_2026-04-19,PROXY,aegis
107,entry,2025-11-03T15:30:00+00:00,intra,15.0,154.032,154.03,154.03,154.148,0.0020000000000095497,0.0020000000000095497,-0.11599999999998545,123,0,OANDA,2022-01-02_2026-04-19,PROXY,aegis
107,exit,2025-11-03T18:30:00+00:00,intra,15.0,154.233,154.2,154.2,154.178,0.03300000000001546,0.03300000000001546,0.05500000000000682,123,0,OANDA,2022-01-02_2026-04-19,PROXY,aegis
108,entry,2025-11-12T17:15:00+00:00,intra,15.0,154.553,154.55,154.551,154.581,0.002999999999985903,0.0020000000000095497,-0.027999999999991587,123,0,OANDA,2022-01-02_2026-04-19,PROXY,aegis
108,exit,2025-11-13T00:45:00+00:00,intra,15.0,154.885,154.839,154.838,154.944,0.04599999999999227,0.046999999999997044,-0.0589999999999975,123,0,OANDA,2022-01-02_2026-04-19,PROXY,aegis
109,entry,2025-11-25T17:30:00+00:00,intra,15.0,155.917,155.914,155.915,155.948,0.0030000000000143245,0.0020000000000095497,-0.03100000000000591,123,0,OANDA,2022-01-02_2026-04-19,PROXY,aegis
109,exit,2025-11-25T17:45:00+00:00,intra,15.0,155.933,155.948,155.948,155.9,-0.01500000000001478,-0.01500000000001478,0.03299999999998704,123,0,OANDA,2022-01-02_2026-04-19,PROXY,aegis
110,entry,2025-12-03T15:30:00+00:00,intra,15.0,155.272,155.27,155.27,155.392,0.001999999999981128,0.001999999999981128,-0.12000000000000455,123,0,OANDA,2022-01-02_2026-04-19,PROXY,aegis
110,exit,2025-12-03T15:45:00+00:00,intra,15.0,155.285,155.392,155.394,155.22,-0.10699999999999932,-0.10900000000000887,0.06499999999999773,123,0,OANDA,2022-01-02_2026-04-19,PROXY,aegis
111,entry,2025-12-10T15:15:00+00:00,intra,15.0,156.418,156.416,156.416,156.44,0.0020000000000095497,0.0020000000000095497,-0.02199999999999136,123,0,OANDA,2022-01-02_2026-04-19,PROXY,aegis
111,exit,2025-12-10T15:30:00+00:00,intra,15.0,156.425,156.44,156.442,156.464,-0.014999999999986358,-0.016999999999995907,-0.03899999999998727,123,0,OANDA,2022-01-02_2026-04-19,PROXY,aegis
112,entry,2025-12-17T15:45:00+00:00,intra,15.0,155.415,155.414,155.413,155.404,0.0010000000000047748,0.001999999999981128,0.01099999999999568,123,0,OANDA,2022-01-02_2026-04-19,PROXY,aegis
112,exit,2025-12-17T16:00:00+00:00,intra,15.0,155.401,155.404,155.403,155.436,-0.002999999999985903,-0.001999999999981128,-0.03499999999999659,123,0,OANDA,2022-01-02_2026-04-19,PROXY,aegis
113,entry,2025-12-24T15:15:00+00:00,intra,15.0,155.74,155.739,155.738,155.822,0.0010000000000047748,0.0020000000000095497,-0.08199999999999363,123,0,OANDA,2022-01-02_2026-04-19,PROXY,aegis
113,exit,2025-12-24T17:45:00+00:00,intra,15.0,155.997,155.967,155.966,155.972,0.030000000000001137,0.03100000000000591,0.025000000000005684,123,0,OANDA,2022-01-02_2026-04-19,PROXY,aegis
114,entry,2026-01-27T17:45:00+00:00,intra,15.0,152.644,152.642,152.642,152.771,0.0020000000000095497,0.0020000000000095497,-0.12699999999998113,123,0,OANDA,2022-01-02_2026-04-19,PROXY,aegis
114,exit,2026-01-27T18:00:00+00:00,intra,15.0,152.671,152.771,152.77,152.842,-0.09999999999999432,-0.09900000000001796,-0.1710000000000207,123,0,OANDA,2022-01-02_2026-04-19,PROXY,aegis
115,entry,2026-02-11T17:15:00+00:00,intra,15.0,152.842,152.842,152.84,152.722,0.0,0.0020000000000095497,0.12000000000000455,123,0,OANDA,2022-01-02_2026-04-19,PROXY,aegis
115,exit,2026-02-11T18:15:00+00:00,intra,15.0,152.877,152.941,152.94,152.864,-0.06399999999999295,-0.06299999999998818,0.01300000000000523,123,0,OANDA,2022-01-02_2026-04-19,PROXY,aegis
116,entry,2026-02-23T15:15:00+00:00,intra,15.0,154.396,154.392,154.394,154.426,0.003999999999990678,0.001999999999981128,-0.030000000000001137,123,0,OANDA,2022-01-02_2026-04-19,PROXY,aegis
116,exit,2026-02-23T15:30:00+00:00,intra,15.0,154.408,154.426,154.426,154.492,-0.018000000000000682,-0.018000000000000682,-0.08400000000000318,123,0,OANDA,2022-01-02_2026-04-19,PROXY,aegis
117,entry,2026-02-25T15:15:00+00:00,intra,15.0,156.448,156.446,156.446,156.514,0.0020000000000095497,0.0020000000000095497,-0.0660000000000025,123,0,OANDA,2022-01-02_2026-04-19,PROXY,aegis
117,exit,2026-02-25T15:30:00+00:00,intra,15.0,156.464,156.514,156.516,156.387,-0.05000000000001137,-0.0519999999999925,0.07699999999999818,123,0,OANDA,2022-01-02_2026-04-19,PROXY,aegis
118,entry,2026-03-03T18:45:00+00:00,intra,15.0,157.572,157.568,157.57,157.653,0.003999999999990678,0.0020000000000095497,-0.08099999999998886,123,0,OANDA,2022-01-02_2026-04-19,PROXY,aegis
118,exit,2026-03-03T19:30:00+00:00,intra,15.0,157.586,157.768,157.768,157.575,-0.18199999999998795,-0.18199999999998795,0.011000000000024102,123,0,OANDA,2022-01-02_2026-04-19,PROXY,aegis
119,entry,2026-03-09T16:45:00+00:00,intra,15.0,158.017,158.014,158.015,158.14,0.002999999999985903,0.0020000000000095497,-0.12299999999999045,123,0,OANDA,2022-01-02_2026-04-19,PROXY,aegis
119,exit,2026-03-09T18:45:00+00:00,intra,15.0,158.39,158.378,158.378,158.4,0.012000000000000455,0.012000000000000455,-0.010000000000019327,123,0,OANDA,2022-01-02_2026-04-19,PROXY,aegis
120,entry,2026-03-10T17:30:00+00:00,intra,15.0,157.451,157.448,157.449,157.63,0.002999999999985903,0.001999999999981128,-0.17900000000000205,123,0,OANDA,2022-01-02_2026-04-19,PROXY,aegis
120,exit,2026-03-10T18:00:00+00:00,intra,15.0,157.767,157.601,157.6,157.8,0.16599999999999682,0.1670000000000016,-0.03300000000001546,123,0,OANDA,2022-01-02_2026-04-19,PROXY,aegis
121,entry,2026-03-16T14:15:00+00:00,intra,15.0,158.856,158.853,158.854,158.973,0.002999999999985903,0.001999999999981128,-0.11700000000001864,123,0,OANDA,2022-01-02_2026-04-19,PROXY,aegis
121,exit,2026-03-16T15:00:00+00:00,intra,15.0,159.208,159.144,159.144,159.112,0.06399999999999295,0.06399999999999295,0.09600000000000364,123,0,OANDA,2022-01-02_2026-04-19,PROXY,aegis
122,entry,2026-04-13T14:45:00+00:00,intra,15.0,159.547,159.546,159.545,159.57,0.0010000000000047748,0.0020000000000095497,-0.022999999999996135,123,0,OANDA,2022-01-02_2026-04-19,PROXY,aegis
122,exit,2026-04-13T16:00:00+00:00,intra,15.0,159.767,159.746,159.746,159.757,0.020999999999986585,0.020999999999986585,0.009999999999990905,123,0,OANDA,2022-01-02_2026-04-19,PROXY,aegis
123,entry,2026-04-15T16:30:00+00:00,intra,15.0,158.786,158.784,158.784,158.869,0.0020000000000095497,0.0020000000000095497,-0.08299999999999841,123,0,OANDA,2022-01-02_2026-04-19,PROXY,aegis
123,exit,2026-04-15T17:45:00+00:00,intra,15.0,159.086,159.042,159.043,159.103,0.04400000000001114,0.043000000000006366,-0.016999999999995907,123,0,OANDA,2022-01-02_2026-04-19,PROXY,aegis
