Trade #,Type,Date and time,Signal,Price JPY,Size (qty),Size (value),Net P&L USD,Net P&L %,Favorable excursion USD,Favorable excursion %,Adverse excursion USD,Adverse excursion %,Cumulative P&L USD,Cumulative P&L %
1,Exit long,2022-01-12 10:15,X-Long,114.947,3068434,353063221.3,-3270.31,-0.11,387.12,0.01,-3178.55,-0.10,-3270.31,-1.64
1,Entry long,2022-01-12 10:15,Long,115.063,3068434,353063221.3,-3270.31,-0.11,387.12,0.01,-3178.55,-0.10,-3270.31,-1.64
2,Exit long,2022-01-19 11:15,X-Long,114.255,3303439,377427816.1,-139.94,0.00,3734.6,0.11,-1021.11,-0.03,-3410.25,-1.71
2,Entry long,2022-01-19 10:15,Long,114.253,3303439,377427816.1,-139.94,0.00,3734.6,0.11,-1021.11,-0.03,-3410.25,-1.71
3,Exit long,2022-02-28 10:45,X-Long,115.206,3387428,390235093,-56.05,0.00,6493.77,0.19,-1273.76,-0.04,-3466.3,-1.73
3,Entry long,2022-02-28 10:15,Long,115.201,3387428,390235093,-56.05,0.00,6493.77,0.19,-1273.76,-0.04,-3466.3,-1.73
4,Exit long,2022-03-01 14:15,X-Long,114.794,3074243,352880057,29.74,0.00,736.68,0.02,-2391.15,-0.08,-3436.56,-1.72
4,Entry long,2022-03-01 13:15,Long,114.786,3074243,352880057,29.74,0.00,736.68,0.02,-2391.15,-0.08,-3436.56,-1.72
5,Exit long,2022-04-13 19:30,X-Long,125.407,2045716,256508237.8,186.58,0.01,5191.28,0.25,-322.36,-0.02,-3249.97,-1.62
5,Entry long,2022-04-13 12:15,Long,125.388,2045716,256508237.8,186.58,0.01,5191.28,0.25,-322.36,-0.02,-3249.97,-1.62
6,Exit long,2022-04-25 11:15,X-Long,127.734,1679391,214485101,135,0.01,3842.02,0.23,-624.71,-0.04,-3114.97,-1.56
6,Entry long,2022-04-25 10:15,Long,127.716,1679391,214485101,135,0.01,3842.02,0.23,-624.71,-0.04,-3114.97,-1.56
7,Exit long,2022-05-09 11:00,X-Long,130.532,2176973,284158108.7,-80.54,0.00,1651.64,0.08,-882.06,-0.04,-3195.52,-1.60
7,Entry long,2022-05-09 10:45,Long,130.529,2176973,284158108.7,-80.54,0.00,1651.64,0.08,-882.06,-0.04,-3195.52,-1.60
8,Exit long,2022-05-11 13:30,X-Long,129.661,1585423,205611923.4,-434.81,-0.03,779.07,0.05,-703.5,-0.04,-3630.33,-1.82
8,Entry long,2022-05-11 13:15,Long,129.689,1585423,205611923.4,-434.81,-0.03,779.07,0.05,-703.5,-0.04,-3630.33,-1.82
9,Exit long,2022-07-18 10:45,X-Long,138.095,2760655,381218848.9,-65.45,0.00,535.02,0.02,-998.89,-0.04,-3695.78,-1.85
9,Entry long,2022-07-18 10:30,Long,138.09,2760655,381218848.9,-65.45,0.00,535.02,0.02,-998.89,-0.04,-3695.78,-1.85
10,Exit long,2022-09-07 11:45,X-Long,144.358,1549161,223595054.6,177.21,0.01,2534.31,0.16,-610.94,-0.04,-3518.57,-1.76
10,Entry long,2022-09-07 10:45,Long,144.333,1549161,223595054.6,177.21,0.01,2534.31,0.16,-610.94,-0.04,-3518.57,-1.76
11,Exit long,2022-09-28 13:00,X-Long,144.084,1955198,281685375.9,72.29,0.00,3721.29,0.19,-179.83,-0.01,-3446.28,-1.72
11,Entry long,2022-09-28 12:15,Long,144.07,1955198,281685375.9,72.29,0.00,3721.29,0.19,-179.83,-0.01,-3446.28,-1.72
12,Exit long,2022-10-03 11:00,X-Long,144.375,2453726,354691000.8,-3146.68,-0.13,417.99,0.02,-3073.27,-0.13,-6592.96,-3.30
12,Entry long,2022-10-03 10:30,Long,144.552,2453726,354691000.8,-3146.68,-0.13,417.99,0.02,-3073.27,-0.13,-6592.96,-3.30
13,Exit long,2022-10-04 12:30,X-Long,144.09,2373790,342310013.2,-2011.21,-0.09,683.37,0.03,-2169.9,-0.09,-8604.17,-4.30
13,Entry long,2022-10-04 12:15,Long,144.204,2373790,342310013.2,-2011.21,-0.09,683.37,0.03,-2169.9,-0.09,-8604.17,-4.30
14,Exit long,2022-10-11 14:15,X-Long,145.715,3588630,522066715.1,5620.23,0.16,5727.86,0.16,-1412.4,-0.04,-2983.94,-1.49
14,Entry long,2022-10-11 12:45,Long,145.478,3588630,522066715.1,5620.23,0.16,5727.86,0.16,-1412.4,-0.04,-2983.94,-1.49
15,Exit long,2022-10-26 10:30,X-Long,146.589,1546588,226698869,2.14,0.00,1268.15,0.08,-1339.01,-0.09,-2981.8,-1.49
15,Entry long,2022-10-26 10:15,Long,146.58,1546588,226698869,2.14,0.00,1268.15,0.08,-1339.01,-0.09,-2981.8,-1.49
16,Exit long,2022-11-14 13:45,X-Long,139.864,1542459,216161746.7,-3171.77,-0.20,475.61,0.03,-3125.14,-0.20,-6153.57,-3.08
16,Entry long,2022-11-14 13:15,Long,140.141,1542459,216161746.7,-3171.77,-0.20,475.61,0.03,-3125.14,-0.20,-6153.57,-3.08
17,Exit long,2022-11-23 10:30,X-Long,140.216,1462003,205094166.8,-780.51,-0.05,815.45,0.06,-1927.17,-0.13,-6934.08,-3.47
17,Entry long,2022-11-23 10:15,Long,140.283,1462003,205094166.8,-780.51,-0.05,815.45,0.06,-1927.17,-0.13,-6934.08,-3.47
18,Exit long,2022-12-07 13:30,X-Long,136.294,1536506,209382745.6,154.96,0.01,694.05,0.05,-550.3,-0.04,-6779.12,-3.39
18,Entry long,2022-12-07 13:15,Long,136.272,1536506,209382745.6,154.96,0.01,694.05,0.05,-550.3,-0.04,-6779.12,-3.39
19,Exit long,2023-01-11 13:15,X-Long,132.636,2204334,291745809.2,4617.59,0.21,4683.91,0.21,-1166.2,-0.05,-2161.53,-1.08
19,Entry long,2023-01-11 13:15,Long,132.351,2204334,291745809.2,4617.59,0.21,4683.91,0.21,-1166.2,-0.05,-2161.53,-1.08
20,Exit long,2023-01-25 10:45,X-Long,129.519,1637161,212009075.2,166.36,0.01,1284.1,0.08,-2941.11,-0.18,-1995.17,-1.00
20,Entry long,2023-01-25 10:15,Long,129.498,1637161,212009075.2,166.36,0.01,1284.1,0.08,-2941.11,-0.18,-1995.17,-1.00
21,Exit long,2023-02-07 23:00,Stale,131.132,1431669,186934453,6042.12,0.42,9744.71,0.69,-894.72,-0.06,4046.95,2.02
21,Entry long,2023-02-07 13:00,Long,130.571,1431669,186934453,6042.12,0.42,9744.71,0.69,-894.72,-0.06,4046.95,2.02
22,Exit long,2023-03-06 13:45,X-Long,136.053,2320650,314856509.4,6300.78,0.27,6370.5,0.27,-786.99,-0.03,10347.73,5.17
22,Entry long,2023-03-06 10:15,Long,135.676,2320650,314856509.4,6300.78,0.27,6370.5,0.27,-786.99,-0.03,10347.73,5.17
23,Exit long,2023-03-08 12:45,X-Long,137.218,1864033,254677236.7,7920.43,0.43,7976.38,0.43,-1849.67,-0.10,18268.16,9.13
23,Entry long,2023-03-08 10:30,Long,136.627,1864033,254677236.7,7920.43,0.43,7976.38,0.43,-1849.67,-0.10,18268.16,9.13
24,Exit long,2023-03-22 11:15,X-Long,132.561,2436825,323013337.9,-35.92,0.00,717.48,0.03,-2536.82,-0.10,18232.24,9.12
24,Entry long,2023-03-22 10:45,Long,132.555,2436825,323013337.9,-35.92,0.00,717.48,0.03,-2536.82,-0.10,18232.24,9.12
25,Exit long,2023-03-28 14:15,X-Long,130.646,2331246,304553977.4,-32.57,0.00,851.76,0.04,-1327.2,-0.06,18199.67,9.10
25,Entry long,2023-03-28 13:45,Long,130.64,2331246,304553977.4,-32.57,0.00,851.76,0.04,-1327.2,-0.06,18199.67,9.10
26,Exit long,2023-04-03 11:00,X-Long,132.338,2006542,265770501,-1841.75,-0.09,951.9,0.05,-2763.49,-0.14,16357.92,8.18
26,Entry long,2023-04-03 10:15,Long,132.452,2006542,265770501,-1841.75,-0.09,951.9,0.05,-2763.49,-0.14,16357.92,8.18
27,Exit long,2023-04-05 11:00,X-Long,130.827,1693597,221542810.8,91.86,0.01,4831.04,0.29,-821.17,-0.05,16449.78,8.22
27,Entry long,2023-04-05 10:15,Long,130.812,1693597,221542810.8,91.86,0.01,4831.04,0.29,-821.17,-0.05,16449.78,8.22
28,Exit long,2023-04-24 11:00,X-Long,134.395,2917209,392023297,85.6,0.00,1586.69,0.05,-1109.67,-0.04,16535.38,8.27
28,Entry long,2023-04-24 10:45,Long,134.383,2917209,392023297,85.6,0.00,1586.69,0.05,-1109.67,-0.04,16535.38,8.27
29,Exit long,2023-04-25 13:30,X-Long,133.6,2711754,362729638.5,-3433.47,-0.13,403.63,0.01,-3352.54,-0.12,13101.91,6.55
29,Entry long,2023-04-25 13:15,Long,133.762,2711754,362729638.5,-3433.47,-0.13,403.63,0.01,-3352.54,-0.12,13101.91,6.55
30,Exit long,2023-05-03 10:30,X-Long,135.281,2069104,279871145.2,164.78,0.01,1422.25,0.07,-500.48,-0.02,13266.69,6.63
30,Entry long,2023-05-03 10:15,Long,135.262,2069104,279871145.2,164.78,0.01,1422.25,0.07,-500.48,-0.02,13266.69,6.63
31,Exit long,2023-05-10 14:15,X-Long,134.263,2364345,317415680.6,68.96,0.00,856.14,0.04,-2482.92,-0.11,13335.65,6.67
31,Entry long,2023-05-10 13:15,Long,134.251,2364345,317415680.6,68.96,0.00,856.14,0.04,-2482.92,-0.11,13335.65,6.67
32,Exit long,2023-05-22 19:15,X-Long,138.634,2192974,303340935.6,4771.82,0.22,4837.61,0.22,-987.71,-0.04,18107.46,9.05
32,Entry long,2023-05-22 13:15,Long,138.324,2192974,303340935.6,4771.82,0.22,4837.61,0.22,-987.71,-0.04,18107.46,9.05
33,Exit long,2023-06-05 10:30,X-Long,139.346,2369713,330172112.3,129.32,0.01,1621.93,0.07,-1424.9,-0.06,18236.78,9.12
33,Entry long,2023-06-05 10:15,Long,139.33,2369713,330172112.3,129.32,0.01,1621.93,0.07,-1424.9,-0.06,18236.78,9.12
34,Exit long,2023-07-03 15:00,X-Long,144.729,2965805,427746191.9,10157.07,0.34,10246.29,0.35,-458.75,-0.02,28393.85,14.20
34,Entry long,2023-07-03 10:15,Long,144.226,2965805,427746191.9,10157.07,0.34,10246.29,0.35,-458.75,-0.02,28393.85,14.20
35,Exit long,2023-07-10 11:00,X-Long,141.634,2417221,342319586.4,144.54,0.01,3208.84,0.13,-1007.24,-0.04,28538.4,14.27
35,Entry long,2023-07-10 10:15,Long,141.617,2417221,342319586.4,144.54,0.01,3208.84,0.13,-1007.24,-0.04,28538.4,14.27
36,Exit long,2023-07-12 10:30,X-Long,138.666,1805277,250283603.3,227.39,0.01,1181.15,0.07,-1673.95,-0.09,28765.79,14.38
36,Entry long,2023-07-12 10:15,Long,138.64,1805277,250283603.3,227.39,0.01,1181.15,0.07,-1673.95,-0.09,28765.79,14.38
37,Exit long,2023-08-23 10:15,X-Long,144.671,2260490,327542740.5,-3665.48,-0.16,118.52,0.01,-3598.27,-0.16,25100.31,12.55
37,Entry long,2023-08-23 10:15,Long,144.899,2260490,327542740.5,-3665.48,-0.16,118.52,0.01,-3598.27,-0.16,25100.31,12.55
38,Exit long,2023-09-11 20:00,X-Long,146.745,2067716,302316620.9,7449.25,0.36,7511.33,0.36,-187.22,-0.01,32549.56,16.27
38,Entry long,2023-09-11 10:15,Long,146.208,2067716,302316620.9,7449.25,0.36,7511.33,0.36,-187.22,-0.01,32549.56,16.27
39,Exit long,2023-09-13 13:00,X-Long,147.311,3178871,468241340.6,89.91,0.00,1632.82,0.05,-873.19,-0.03,32639.47,16.32
39,Entry long,2023-09-13 12:30,Long,147.298,3178871,468241340.6,89.91,0.00,1632.82,0.05,-873.19,-0.03,32639.47,16.32
40,Exit long,2023-09-20 10:45,X-Long,147.676,5168564,763236677.3,-65.04,0.00,3236.26,0.06,-539.44,-0.01,32574.43,16.29
40,Entry long,2023-09-20 10:15,Long,147.669,5168564,763236677.3,-65.04,0.00,3236.26,0.06,-539.44,-0.01,32574.43,16.29
41,Exit long,2023-11-01 14:00,X-Long,150.929,3617509,545936370.7,117.88,0.00,6185.67,0.17,-2468.03,-0.07,32692.31,16.35
41,Entry long,2023-11-01 10:30,Long,150.915,3617509,545936370.7,117.88,0.00,6185.67,0.17,-2468.03,-0.07,32692.31,16.35
42,Exit long,2023-11-13 20:15,Stale,151.742,4622640,700177412.9,8098.9,0.18,9486.36,0.21,-1327.7,-0.03,40791.21,20.40
42,Entry long,2023-11-13 10:15,Long,151.467,4622640,700177412.9,8098.9,0.18,9486.36,0.21,-1327.7,-0.03,40791.21,20.40
43,Exit long,2023-11-14 13:30,X-Long,150.537,3397102,511348778.6,66.44,0.00,727.11,0.02,-884.5,-0.03,40857.64,20.43
43,Entry long,2023-11-14 13:15,Long,150.525,3397102,511348778.6,66.44,0.00,727.11,0.02,-884.5,-0.03,40857.64,20.43
44,Exit long,2023-12-27 10:30,X-Long,142.373,3995890,569450288,-4055.27,-0.10,0,0.00,-3935.44,-0.10,36802.38,18.40
44,Entry long,2023-12-27 10:15,Long,142.509,3995890,569450288,-4055.27,-0.10,0,0.00,-3935.44,-0.10,36802.38,18.40
45,Exit long,2024-01-08 10:30,X-Long,144.002,2709559,390504352.6,-2390.92,-0.09,743.19,0.03,-2722.08,-0.10,34411.46,17.21
45,Entry long,2024-01-08 10:15,Long,144.121,2709559,390504352.6,-2390.92,-0.09,743.19,0.03,-2722.08,-0.10,34411.46,17.21
46,Exit long,2024-01-15 17:00,X-Long,145.653,4157023,605620052.8,-1190.88,-0.03,3374.02,0.08,-1066.29,-0.03,33220.57,16.61
46,Entry long,2024-01-15 12:30,Long,145.686,4157023,605620052.8,-1190.88,-0.03,3374.02,0.08,-1066.29,-0.03,33220.57,16.61
47,Exit long,2024-02-07 13:30,X-Long,148.171,2595735,383649633,6351.38,0.25,6429.34,0.25,-165.47,-0.01,39571.95,19.79
47,Entry long,2024-02-07 10:45,Long,147.8,2595735,383649633,6351.38,0.25,6429.34,0.25,-165.47,-0.01,39571.95,19.79
48,Exit long,2024-02-14 13:15,X-Long,150.438,4161094,625949209.3,-0.72,0.00,592.7,0.01,-2248.44,-0.05,39571.23,19.79
48,Entry long,2024-02-14 12:45,Long,150.429,4161094,625949209.3,-0.72,0.00,592.7,0.01,-2248.44,-0.05,39571.23,19.79
49,Exit long,2024-03-13 11:00,X-Long,147.829,4045085,597940419.6,30.97,0.00,1877.96,0.05,-367.96,-0.01,39602.2,19.80
49,Entry long,2024-03-13 10:45,Long,147.819,4045085,597940419.6,30.97,0.00,1877.96,0.05,-367.96,-0.01,39602.2,19.80
50,Exit long,2024-04-15 18:00,X-Long,154.15,3406857,525129531.1,38.04,0.00,2941.33,0.09,-702.67,-0.02,39640.24,19.82
50,Entry long,2024-04-15 13:30,Long,154.139,3406857,525129531.1,38.04,0.00,2941.33,0.09,-702.67,-0.02,39640.24,19.82
51,Exit long,2024-04-17 12:45,X-Long,154.361,5303244,818677686,-728.75,-0.01,3097.38,0.06,-1838.2,-0.03,38911.49,19.46
51,Entry long,2024-04-17 12:30,Long,154.373,5303244,818677686,-728.75,-0.01,3097.38,0.06,-1838.2,-0.03,38911.49,19.46
52,Exit long,2024-05-01 14:00,X-Long,157.477,5040151,793682658.3,-142.06,0.00,8982.37,0.18,-1843.39,-0.04,38769.43,19.38
52,Entry long,2024-05-01 10:15,Long,157.472,5040151,793682658.3,-142.06,0.00,8982.37,0.18,-1843.39,-0.04,38769.43,19.38
53,Exit long,2024-06-03 10:30,X-Long,156.295,3350621,523638400.5,98.45,0.00,3861.31,0.12,-2804.51,-0.08,38867.88,19.43
53,Entry long,2024-06-03 10:15,Long,156.281,3350621,523638400.5,98.45,0.00,3861.31,0.12,-2804.51,-0.08,38867.88,19.43
54,Exit long,2024-06-04 19:30,X-Long,154.982,2387186,368992114.4,6176.24,0.26,6247.9,0.26,-636.53,-0.03,45044.12,22.52
54,Entry long,2024-06-04 13:45,Long,154.572,2387186,368992114.4,6176.24,0.26,6247.9,0.26,-636.53,-0.03,45044.12,22.52
55,Exit long,2024-06-17 12:30,X-Long,157.746,4984313,786330203.2,-774.58,-0.02,1116.57,0.02,-814.71,-0.02,44269.54,22.13
55,Entry long,2024-06-17 12:15,Long,157.761,4984313,786330203.2,-774.58,-0.02,1116.57,0.02,-814.71,-0.02,44269.54,22.13
56,Exit long,2024-07-03 20:15,Stale,161.527,3605658,580399162.6,12220.17,0.34,17183.91,0.48,-3030.59,-0.08,56489.7,28.24
56,Entry long,2024-07-03 10:15,Long,160.969,3605658,580399162.6,12220.17,0.34,17183.91,0.48,-3030.59,-0.08,56489.7,28.24
57,Exit long,2024-07-08 10:45,X-Long,160.569,4245087,681582678.5,36.05,0.00,2063.06,0.05,-2317.26,-0.05,56525.75,28.26
57,Entry long,2024-07-08 10:15,Long,160.558,4245087,681582678.5,36.05,0.00,2063.06,0.05,-2317.26,-0.05,56525.75,28.26
58,Exit long,2024-07-15 10:30,X-Long,157.884,4046840,638959614.4,-422.12,-0.01,1416.1,0.03,-556.99,-0.01,56103.64,28.05
58,Entry long,2024-07-15 10:15,Long,157.891,4046840,638959614.4,-422.12,-0.01,1416.1,0.03,-556.99,-0.01,56103.64,28.05
59,Exit long,2024-07-17 13:00,X-Long,156.283,2244063,350655040.3,207.17,0.01,882.76,0.04,-1001.42,-0.05,56310.81,28.16
59,Entry long,2024-07-17 12:45,Long,156.259,2244063,350655040.3,207.17,0.01,882.76,0.04,-1001.42,-0.05,56310.81,28.16
60,Exit long,2024-07-23 13:00,X-Long,155.781,3439620,535775848.9,123.85,0.00,1715.91,0.05,-518.6,-0.02,56434.66,28.22
60,Entry long,2024-07-23 12:45,Long,155.766,3439620,535775848.9,123.85,0.00,1715.91,0.05,-518.6,-0.02,56434.66,28.22
61,Exit long,2024-08-07 10:45,X-Long,147.367,1277229,187347781.4,5958.89,0.46,5997.91,0.46,-312.43,-0.02,62393.55,31.20
61,Entry long,2024-08-07 10:30,Long,146.683,1277229,187347781.4,5958.89,0.46,5997.91,0.46,-312.43,-0.02,62393.55,31.20
62,Exit long,2024-08-21 13:00,X-Long,145.145,1555527,225716300.9,324.33,0.02,1409.5,0.09,-753.25,-0.05,62717.88,31.36
62,Entry long,2024-08-21 12:15,Long,145.106,1555527,225716300.9,324.33,0.02,1409.5,0.09,-753.25,-0.05,62717.88,31.36
63,Exit long,2024-08-27 13:45,X-Long,144.048,2992239,430987144.4,90.16,0.00,1255.53,0.04,-1972.32,-0.07,62808.04,31.40
63,Entry long,2024-08-27 13:15,Long,144.035,2992239,430987144.4,90.16,0.00,1255.53,0.04,-1972.32,-0.07,62808.04,31.40
64,Exit long,2024-09-02 13:30,X-Long,146.828,4435187,651174155.3,-24.55,0.00,1170.69,0.03,-254.93,-0.01,62783.49,31.39
64,Entry long,2024-09-02 13:00,Long,146.82,4435187,651174155.3,-24.55,0.00,1170.69,0.03,-254.93,-0.01,62783.49,31.39
65,Exit long,2024-09-04 10:30,X-Long,144.216,2159625,311612291.3,-1227.04,-0.06,1642.94,0.08,-2721.56,-0.13,61556.45,30.78
65,Entry long,2024-09-04 10:15,Long,144.29,2159625,311612291.3,-1227.04,-0.06,1642.94,0.08,-2721.56,-0.13,61556.45,30.78
66,Exit long,2024-09-23 12:45,X-Long,143.334,1968758,282349428.6,-1225.49,-0.06,1035.31,0.05,-1166.68,-0.06,60330.97,30.17
66,Entry long,2024-09-23 12:30,Long,143.415,1968758,282349428.6,-1225.49,-0.06,1035.31,0.05,-1166.68,-0.06,60330.97,30.17
67,Exit long,2024-11-05 12:30,X-Long,151.703,3196903,484979775.8,-191.21,-0.01,954.74,0.03,-725.81,-0.02,60139.76,30.07
67,Entry long,2024-11-05 12:15,Long,151.703,3196903,484979775.8,-191.21,-0.01,954.74,0.03,-725.81,-0.02,60139.76,30.07
68,Exit long,2024-11-20 10:30,X-Long,155.184,2794899,433952788.1,-1649.69,-0.06,801.09,0.03,-3896.13,-0.14,58490.07,29.25
68,Entry long,2024-11-20 10:15,Long,155.266,2794899,433952788.1,-1649.69,-0.06,801.09,0.03,-3896.13,-0.14,58490.07,29.25
69,Exit long,2024-11-27 12:45,X-Long,150.738,1671183,251869003.5,174.13,0.01,769.12,0.05,-2013.65,-0.12,58664.2,29.33
69,Entry long,2024-11-27 12:15,Long,150.713,1671183,251869003.5,174.13,0.01,769.12,0.05,-2013.65,-0.12,58664.2,29.33
70,Exit long,2024-12-04 10:30,X-Long,150.473,2307104,347246837.2,-740.54,-0.03,855.48,0.04,-2120.26,-0.09,57923.66,28.96
70,Entry long,2024-12-04 10:15,Long,150.512,2307104,347246837.2,-740.54,-0.03,855.48,0.04,-2120.26,-0.09,57923.66,28.96
71,Exit long,2024-12-17 15:45,X-Long,153.529,3429255,525248700.6,7845.8,0.23,7948.23,0.23,-280.1,-0.01,65769.46,32.88
71,Entry long,2024-12-17 13:45,Long,153.167,3429255,525248700.6,7845.8,0.23,7948.23,0.23,-280.1,-0.01,65769.46,32.88
72,Exit long,2024-12-23 18:15,X-Long,157.225,4571353,717729849.1,6093.4,0.13,6230.55,0.14,-546.63,-0.01,71862.86,35.93
72,Entry long,2024-12-23 12:15,Long,157.006,4571353,717729849.1,6093.4,0.13,6230.55,0.14,-546.63,-0.01,71862.86,35.93
73,Exit long,2025-02-03 10:15,X-Long,154.757,2420498,373189961.1,8869.53,0.37,8941.93,0.37,-2676.54,-0.11,80732.38,40.37
73,Entry long,2025-02-03 10:15,Long,154.179,2420498,373189961.1,8869.53,0.37,8941.93,0.37,-2676.54,-0.11,80732.38,40.37
74,Exit long,2025-02-05 12:30,X-Long,152.378,2436627,371224996.7,266.06,0.01,1411.38,0.06,-3907.17,-0.16,80998.44,40.50
74,Entry long,2025-02-05 10:15,Long,152.352,2436627,371224996.7,266.06,0.01,1411.38,0.06,-3907.17,-0.16,80998.44,40.50
75,Exit long,2025-02-19 10:30,X-Long,151.327,4030204,610104372.1,-1724.3,-0.04,674.51,0.02,-2345.87,-0.06,79274.14,39.64
75,Entry long,2025-02-19 10:15,Long,151.383,4030204,610104372.1,-1724.3,-0.04,674.51,0.02,-2345.87,-0.06,79274.14,39.64
76,Exit long,2025-02-24 10:30,X-Long,149.344,3145643,469905588.3,-1009.93,-0.03,916.37,0.03,-1568.35,-0.05,78264.21,39.13
76,Entry long,2025-02-24 10:15,Long,149.383,3145643,469905588.3,-1009.93,-0.03,916.37,0.03,-1568.35,-0.05,78264.21,39.13
77,Exit long,2025-02-26 12:45,X-Long,149.043,2710665,404149308.8,-1126.34,-0.04,1100.57,0.04,-1645.08,-0.06,77137.88,38.57
77,Entry long,2025-02-26 12:30,Long,149.096,2710665,404149308.8,-1126.34,-0.04,1100.57,0.04,-1645.08,-0.06,77137.88,38.57
78,Exit long,2025-03-03 10:30,X-Long,150.203,2548573,382747241.7,219.73,0.01,2207.63,0.09,-1192.77,-0.05,77357.6,38.68
78,Entry long,2025-03-03 10:15,Long,150.181,2548573,382747241.7,219.73,0.01,2207.63,0.09,-1192.77,-0.05,77357.6,38.68
79,Exit long,2025-03-10 11:15,X-Long,147.085,2337861,342835626.3,6807.41,0.29,6877.08,0.30,-258.91,-0.01,84165.02,42.08
79,Entry long,2025-03-10 10:45,Long,146.645,2337861,342835626.3,6807.41,0.29,6877.08,0.30,-258.91,-0.01,84165.02,42.08
80,Exit long,2025-03-12 11:00,X-Long,148.314,2198851,326272107.9,-1158.62,-0.05,1837.54,0.08,-1434.53,-0.06,83006.4,41.50
80,Entry long,2025-03-12 10:45,Long,148.383,2198851,326272107.9,-1158.62,-0.05,1837.54,0.08,-1434.53,-0.06,83006.4,41.50
81,Exit long,2025-03-18 13:00,X-Long,149.378,3232621,482837203,109.14,0.00,1181.16,0.04,-1916.94,-0.06,83115.54,41.56
81,Entry long,2025-03-18 12:45,Long,149.364,3232621,482837203,109.14,0.00,1181.16,0.04,-1916.94,-0.06,83115.54,41.56
82,Exit long,2025-04-08 13:30,X-Long,146.266,1920635,281100297.3,-1309.04,-0.07,2592.78,0.14,-1252.04,-0.07,81806.5,40.90
82,Entry long,2025-04-08 13:15,Long,146.358,1920635,281100297.3,-1309.04,-0.07,2592.78,0.14,-1252.04,-0.07,81806.5,40.90
83,Exit long,2025-04-16 14:00,X-Long,142.353,2483563,353557545.1,-252.01,-0.01,1191.1,0.05,-957.86,-0.04,81554.49,40.78
83,Entry long,2025-04-16 13:45,Long,142.359,2483563,353557545.1,-252.01,-0.01,1191.1,0.05,-957.86,-0.04,81554.49,40.78
84,Exit long,2025-04-21 11:00,X-Long,140.958,2810808,395208037.2,6849.83,0.25,6933.42,0.25,-715.87,-0.03,88404.32,44.20
84,Entry long,2025-04-21 10:30,Long,140.603,2810808,395208037.2,6849.83,0.25,6933.42,0.25,-715.87,-0.03,88404.32,44.20
85,Exit long,2025-04-28 10:30,X-Long,142.794,3462780,495080582.2,-4495.94,-0.13,306.3,0.01,-4392.71,-0.13,83908.38,41.95
85,Entry long,2025-04-28 10:30,Long,142.972,3462780,495080582.2,-4495.94,-0.13,306.3,0.01,-4392.71,-0.13,83908.38,41.95
86,Exit long,2025-05-13 13:45,X-Long,147.569,2627606,387705892.9,161.89,0.01,3886.35,0.15,-467.74,-0.02,84070.27,42.04
86,Entry long,2025-05-13 12:45,Long,147.551,2627606,387705892.9,161.89,0.01,3886.35,0.15,-467.74,-0.02,84070.27,42.04
87,Exit long,2025-05-21 18:00,X-Long,143.792,2849374,408392227.3,9048.76,0.32,9134.28,0.32,-735.47,-0.03,93119.03,46.56
87,Entry long,2025-05-21 13:30,Long,143.327,2849374,408392227.3,9048.76,0.32,9134.28,0.32,-735.47,-0.03,93119.03,46.56
88,Exit long,2025-05-26 11:30,X-Long,142.815,5135169,733332944.2,15.53,0.00,1754.4,0.03,-2207.02,-0.04,93134.56,46.57
88,Entry long,2025-05-26 10:30,Long,142.806,5135169,733332944.2,15.53,0.00,1754.4,0.03,-2207.02,-0.04,93134.56,46.57
89,Exit long,2025-06-02 10:30,X-Long,142.627,3509213,500466412,83.86,0.00,2550.75,0.07,-932.37,-0.03,93218.42,46.61
89,Entry long,2025-06-02 10:15,Long,142.615,3509213,500466412,83.86,0.00,2550.75,0.07,-932.37,-0.03,93218.42,46.61
90,Exit long,2025-06-04 10:30,X-Long,143.236,2537138,363429795.7,-292.27,-0.01,893.02,0.04,-1467.1,-0.06,92926.15,46.46
90,Entry long,2025-06-04 10:15,Long,143.244,2537138,363429795.7,-292.27,-0.01,893.02,0.04,-1467.1,-0.06,92926.15,46.46
91,Exit long,2025-06-16 11:15,X-Long,144.132,3384455,486569557.5,8392.58,0.25,8494.12,0.25,-2825.52,-0.08,101318.72,50.66
91,Entry long,2025-06-16 10:15,Long,143.766,3384455,486569557.5,8392.58,0.25,8494.12,0.25,-2825.52,-0.08,101318.72,50.66
92,Exit long,2025-06-23 10:30,X-Long,146.789,2702206,396716267.3,-588.08,-0.02,1064.86,0.04,-3501.8,-0.13,100730.64,50.37
92,Entry long,2025-06-23 10:15,Long,146.812,2702206,396716267.3,-588.08,-0.02,1064.86,0.04,-3501.8,-0.13,100730.64,50.37
93,Exit long,2025-06-25 12:30,X-Long,145.43,3955468,575374241.7,-1138.34,-0.03,835.78,0.02,-1373.97,-0.03,99592.3,49.80
93,Entry long,2025-06-25 12:15,Long,145.463,3955468,575374241.7,-1138.34,-0.03,835.78,0.02,-1373.97,-0.03,99592.3,49.80
94,Exit long,2025-07-09 10:30,X-Long,146.328,3879745,567661009.9,138.16,0.00,2212.65,0.06,-1333.49,-0.03,99730.45,49.87
94,Entry long,2025-07-09 10:15,Long,146.314,3879745,567661009.9,138.16,0.00,2212.65,0.06,-1333.49,-0.03,99730.45,49.87
95,Exit long,2025-07-21 12:30,X-Long,147.119,3687337,542694885,-1679.98,-0.05,1723.46,0.05,-2536.61,-0.07,98050.48,49.03
95,Entry long,2025-07-21 12:15,Long,147.178,3687337,542694885,-1679.98,-0.05,1723.46,0.05,-2536.61,-0.07,98050.48,49.03
96,Exit long,2025-08-19 13:30,X-Long,147.497,4634235,683484783.2,67.39,0.00,2618.98,0.06,-953.41,-0.02,98117.87,49.06
96,Entry long,2025-08-19 13:15,Long,147.486,4634235,683484783.2,67.39,0.00,2618.98,0.06,-953.41,-0.02,98117.87,49.06
97,Exit long,2025-08-20 10:30,X-Long,147.163,4144805,610098716.8,-1173.96,-0.03,1559.94,0.04,-1611.35,-0.04,96943.91,48.47
97,Entry long,2025-08-20 10:15,Long,147.196,4144805,610098716.8,-1173.96,-0.03,1559.94,0.04,-1611.35,-0.04,96943.91,48.47
98,Exit long,2025-08-26 14:15,X-Long,147.541,4130910,607966679.3,9985.44,0.24,10109.19,0.25,-1325.64,-0.03,106929.35,53.46
98,Entry long,2025-08-26 12:30,Long,147.175,4130910,607966679.3,9985.44,0.24,10109.19,0.25,-1325.64,-0.03,106929.35,53.46
99,Exit long,2025-08-27 10:45,X-Long,147.943,4750509,702837806.5,-511.52,-0.01,1757.86,0.04,-1206.19,-0.03,106417.84,53.21
99,Entry long,2025-08-27 10:30,Long,147.95,4750509,702837806.5,-511.52,-0.01,1757.86,0.04,-1206.19,-0.03,106417.84,53.21
100,Exit long,2025-09-03 10:45,X-Long,148.14,3503148,519089464.3,-1106.79,-0.03,1665.39,0.05,-2512.56,-0.07,105311.04,52.66
100,Entry long,2025-09-03 10:15,Long,148.178,3503148,519089464.3,-1106.79,-0.03,1665.39,0.05,-2512.56,-0.07,105311.04,52.66
101,Exit long,2025-09-10 10:30,X-Long,147.288,4124557,607456505.8,32.54,0.00,3121.71,0.08,-599.22,-0.01,105343.58,52.67
101,Entry long,2025-09-10 10:15,Long,147.278,4124557,607456505.8,32.54,0.00,3121.71,0.08,-599.22,-0.01,105343.58,52.67
102,Exit long,2025-09-22 13:15,X-Long,147.751,5635408,832603355,-109.06,0.00,1239.76,0.02,-1158.47,-0.02,105234.52,52.62
102,Entry long,2025-09-22 13:00,Long,147.745,5635408,832603355,-109.06,0.00,1239.76,0.02,-1158.47,-0.02,105234.52,52.62
103,Exit long,2025-09-23 14:00,X-Long,147.546,4712797,695307218.2,36.6,0.00,2473.95,0.05,-1576.27,-0.03,105271.12,52.64
103,Entry long,2025-09-23 13:45,Long,147.536,4712797,695307218.2,36.6,0.00,2473.95,0.05,-1576.27,-0.03,105271.12,52.64
104,Exit long,2025-10-14 13:00,X-Long,151.707,3444278,522469418.4,133.41,0.00,1322.04,0.04,-577.92,-0.02,105404.52,52.70
104,Entry long,2025-10-14 12:45,Long,151.692,3444278,522469418.4,133.41,0.00,1322.04,0.04,-577.92,-0.02,105404.52,52.70
105,Exit long,2025-10-20 11:00,X-Long,150.553,4221532,635509427.3,111.14,0.00,2310.71,0.05,-3796.36,-0.09,105515.66,52.76
105,Entry long,2025-10-20 10:30,Long,150.54,4221532,635509427.3,111.14,0.00,2310.71,0.05,-3796.36,-0.09,105515.66,52.76
106,Exit long,2025-10-22 15:00,X-Long,151.899,4539175,688211556.8,8181.86,0.18,8317.99,0.18,-315.11,-0.01,113697.52,56.85
106,Entry long,2025-10-22 13:45,Long,151.616,4539175,688211556.8,8181.86,0.18,8317.99,0.18,-315.11,-0.01,113697.52,56.85
107,Exit long,2025-11-03 10:30,X-Long,154.023,7173467,1104843040,-197.48,0.00,4208.34,0.06,-2031.1,-0.03,113500.04,56.75
107,Entry long,2025-11-03 10:15,Long,154.018,7173467,1104843040,-197.48,0.00,4208.34,0.06,-2031.1,-0.03,113500.04,56.75
108,Exit long,2025-11-12 19:45,X-Long,154.885,5779602,893220150.3,12266.6,0.21,12440.01,0.22,-1822.93,-0.03,125766.64,62.88
108,Entry long,2025-11-12 12:15,Long,154.547,5779602,893220150.3,12266.6,0.21,12440.01,0.22,-1822.93,-0.03,125766.64,62.88
109,Exit long,2025-11-25 12:45,X-Long,155.933,3683745,574351101.7,202.88,0.01,1204.5,0.03,-1517.92,-0.04,125969.52,62.98
109,Entry long,2025-11-25 12:30,Long,155.915,3683745,574351101.7,202.88,0.01,1204.5,0.03,-1517.92,-0.04,125969.52,62.98
110,Exit long,2025-12-03 10:45,X-Long,155.286,4515912,701203719.9,77.71,0.00,4672.55,0.10,-1785.66,-0.04,126047.23,63.02
110,Entry long,2025-12-03 10:30,Long,155.274,4515912,701203719.9,77.71,0.00,4672.55,0.10,-1785.66,-0.04,126047.23,63.02
111,Exit long,2025-12-10 10:30,X-Long,156.425,6742965,1054714356,-59.52,0.00,2247.45,0.03,-1490.6,-0.02,125987.71,62.99
111,Entry long,2025-12-10 10:15,Long,156.417,6742965,1054714356,-59.52,0.00,2247.45,0.03,-1490.6,-0.02,125987.71,62.99
112,Exit long,2025-12-17 11:00,X-Long,155.399,5231333,813032849.5,-889.76,-0.02,2918.18,0.06,-2455.97,-0.05,125097.95,62.55
112,Entry long,2025-12-17 10:45,Long,155.416,5231333,813032849.5,-889.76,-0.02,2918.18,0.06,-2455.97,-0.05,125097.95,62.55
113,Exit long,2025-12-24 12:45,X-Long,155.997,5872437,914555721.1,9420.25,0.16,9596.14,0.16,-589.01,-0.01,134518.2,67.26
113,Entry long,2025-12-24 10:15,Long,155.737,5872437,914555721.1,9420.25,0.16,9596.14,0.16,-589.01,-0.01,134518.2,67.26
114,Exit long,2026-01-27 13:00,X-Long,152.672,2574526,392983372.2,331.15,0.01,2510.62,0.10,-710.68,-0.03,134849.36,67.42
114,Entry long,2026-01-27 12:45,Long,152.643,2574526,392983372.2,331.15,0.01,2510.62,0.10,-710.68,-0.03,134849.36,67.42
115,Exit long,2026-02-11 13:15,X-Long,152.876,2146798,328114459.5,386.83,0.02,1659.93,0.08,-4039.28,-0.19,135236.19,67.62
115,Entry long,2026-02-11 12:15,Long,152.839,2146798,328114459.5,386.83,0.02,1659.93,0.08,-4039.28,-0.19,135236.19,67.62
116,Exit long,2026-02-23 10:30,X-Long,154.405,4399535,679257407.3,77.61,0.00,2194.46,0.05,-556.83,-0.01,135313.8,67.66
116,Entry long,2026-02-23 10:15,Long,154.393,4399535,679257407.3,77.61,0.00,2194.46,0.05,-556.83,-0.01,135313.8,67.66
117,Exit long,2026-02-25 10:30,X-Long,156.462,4138101,647385210.9,201.99,0.00,1732.81,0.04,-1265.47,-0.03,135515.8,67.76
117,Entry long,2026-02-25 10:15,Long,156.445,4138101,647385210.9,201.99,0.00,1732.81,0.04,-1265.47,-0.03,135515.8,67.76
118,Exit long,2026-03-03 14:30,X-Long,157.587,4104112,646689032,170.66,0.00,6342.96,0.15,-1035.82,-0.03,135686.45,67.84
118,Entry long,2026-03-03 13:45,Long,157.571,4104112,646689032,170.66,0.00,6342.96,0.15,-1035.82,-0.03,135686.45,67.84
119,Exit long,2026-03-09 14:45,X-Long,158.39,3970091,627325989.2,9247.4,0.23,9366.96,0.24,-1176.1,-0.03,144933.84,72.47
119,Entry long,2026-03-09 12:45,Long,158.013,3970091,627325989.2,9247.4,0.23,9366.96,0.24,-1176.1,-0.03,144933.84,72.47
120,Exit long,2026-03-10 14:00,X-Long,157.767,4719306,743035852.5,9321.51,0.20,9463.12,0.20,-201.17,0.00,154255.34,77.13
120,Entry long,2026-03-10 13:30,Long,157.446,4719306,743035852.5,9321.51,0.20,9463.12,0.20,-201.17,0.00,154255.34,77.13
121,Exit long,2026-03-16 11:00,X-Long,159.208,6018820,956125669.9,12898.95,0.22,13078.85,0.22,-518.49,-0.01,167154.3,83.58
121,Entry long,2026-03-16 10:15,Long,158.856,6018820,956125669.9,12898.95,0.22,13078.85,0.22,-518.49,-0.01,167154.3,83.58
122,Exit long,2026-04-13 16:30,X-Long,159.416,7133796,1137191287,-114.83,0.00,1442.44,0.02,-5586.71,-0.08,167039.47,83.52
122,Entry long,2026-04-13 13:15,Long,159.409,7133796,1137191287,-114.83,0.00,1442.44,0.02,-5586.71,-0.08,167039.47,83.52
123,Exit long,2026-04-15 13:45,X-Long,159.085,6088369,966735583.3,11168.95,0.18,11351.84,0.19,-412.46,-0.01,178208.42,89.10
123,Entry long,2026-04-15 12:30,Long,158.784,6088369,966735583.3,11168.95,0.18,11351.84,0.19,-412.46,-0.01,178208.42,89.10