Trade #,Type,Date and time,Signal,Price USD,Size (qty),Size (value),Net P&L USD,Net P&L %,Favorable excursion USD,Favorable excursion %,Adverse excursion USD,Adverse excursion %,Cumulative P&L USD,Cumulative P&L %
1,Exit long,2022-01-24 19:15,Stale,1842.65,191.7,346250.457,6985.55,2.02,8001.56,2.31,-111.19,-0.03,6985.55,3.49
1,Entry long,2022-01-11 10:15,Long,1806.21,191.7,346250.457,6985.55,2.02,8001.56,2.31,-111.19,-0.03,6985.55,3.49
2,Exit long,2022-02-04 08:30,Exit,1800.19,183.7,331409.496,-714.59,-0.22,1989.47,0.60,-714.59,-0.22,6270.96,3.14
2,Entry long,2022-02-03 13:45,Long,1804.08,183.7,331409.496,-714.59,-0.22,1989.47,0.60,-714.59,-0.22,6270.96,3.14
3,Exit long,2022-02-15 00:00,Exit,1879.3,204.9,371954.97,13113.6,3.53,13113.6,3.53,-206.95,-0.06,19384.56,9.69
3,Entry long,2022-02-07 10:30,Long,1815.3,204.9,371954.97,13113.6,3.53,13113.6,3.53,-206.95,-0.06,19384.56,9.69
4,Exit long,2022-02-22 06:45,Exit,1891.88,209.3,396726.057,-755.57,-0.19,3899.26,0.98,-755.57,-0.19,18628.98,9.31
4,Entry long,2022-02-21 10:45,Long,1895.49,209.3,396726.057,-755.57,-0.19,3899.26,0.98,-755.57,-0.19,18628.98,9.31
5,Exit long,2022-02-22 23:45,Exit,1896.45,145.3,276317.01,-762.82,-0.28,579.75,0.21,-762.82,-0.28,17866.16,8.93
5,Entry long,2022-02-22 11:30,Long,1901.7,145.3,276317.01,-762.82,-0.28,579.75,0.21,-762.82,-0.28,17866.16,8.93
6,Exit long,2022-03-08 09:45,Exit,2032.94,120.5,231115.385,13853.89,5.99,13853.89,5.99,-484.41,-0.21,31720.04,15.86
6,Entry long,2022-03-01 09:15,Long,1917.97,120.5,231115.385,13853.89,5.99,13853.89,5.99,-484.41,-0.21,31720.04,15.86
7,Exit long,2022-03-09 04:45,Exit,2018.62,41.4,84357.054,-786.19,-0.93,893.41,1.06,-786.19,-0.93,30933.86,15.47
7,Entry long,2022-03-08 13:30,Long,2037.61,41.4,84357.054,-786.19,-0.93,893.41,1.06,-786.19,-0.93,30933.86,15.47
8,Exit long,2022-03-10 10:15,Exit,1989.68,78.6,157180.35,-791.5,-0.50,569.85,0.36,-791.5,-0.50,30142.35,15.07
8,Entry long,2022-03-10 09:15,Long,1999.75,78.6,157180.35,-791.5,-0.50,569.85,0.36,-791.5,-0.50,30142.35,15.07
9,Exit long,2022-03-10 23:45,Exit,1986.24,74.7,149158.719,-786.59,-0.53,691.72,0.46,-786.59,-0.53,29355.76,14.68
9,Entry long,2022-03-10 11:45,Long,1996.77,74.7,149158.719,-786.59,-0.53,691.72,0.46,-786.59,-0.53,29355.76,14.68
10,Exit long,2022-04-05 04:00,Exit,1925.79,134.8,260383.724,-787.23,-0.30,634.91,0.24,-787.23,-0.30,28568.53,14.28
10,Entry long,2022-04-04 10:30,Long,1931.63,134.8,260383.724,-787.23,-0.30,634.91,0.24,-787.23,-0.30,28568.53,14.28
11,Exit long,2022-04-07 15:15,Exit,1929.57,211.4,408695.392,-784.29,-0.19,42.28,0.01,-784.29,-0.19,27784.24,13.89
11,Entry long,2022-04-07 15:00,Long,1933.28,211.4,408695.392,-784.29,-0.19,42.28,0.01,-784.29,-0.19,27784.24,13.89
12,Exit long,2022-04-08 00:30,Exit,1928.6,207,400004.73,-784.53,-0.20,645.84,0.16,-784.53,-0.20,26999.71,13.50
12,Entry long,2022-04-07 16:00,Long,1932.39,207,400004.73,-784.53,-0.20,645.84,0.16,-784.53,-0.20,26999.71,13.50
13,Exit long,2022-04-19 15:15,Exit,1947.85,166.1,324308.589,-770.7,-0.24,7612.36,2.35,-770.7,-0.24,26229,13.11
13,Entry long,2022-04-11 15:15,Long,1952.49,166.1,324308.589,-770.7,-0.24,7612.36,2.35,-770.7,-0.24,26229,13.11
14,Exit long,2022-05-23 21:00,Exit,1851.57,210.9,391278.552,-782.44,-0.20,746.59,0.19,-782.44,-0.20,25446.56,12.72
14,Entry long,2022-05-23 14:30,Long,1855.28,210.9,391278.552,-782.44,-0.20,746.59,0.19,-782.44,-0.20,25446.56,12.72
15,Exit long,2022-05-30 11:45,Exit,1855.49,249,462793.89,-776.88,-0.17,4.98,0.00,-776.88,-0.17,24669.68,12.33
15,Entry long,2022-05-30 11:00,Long,1858.61,249,462793.89,-776.88,-0.17,4.98,0.00,-776.88,-0.17,24669.68,12.33
16,Exit long,2022-06-07 23:15,Exit,1847.46,201,372115.32,-775.86,-0.21,852.24,0.23,-775.86,-0.21,23893.82,11.95
16,Entry long,2022-06-07 13:45,Long,1851.32,201,372115.32,-775.86,-0.21,852.24,0.23,-775.86,-0.21,23893.82,11.95
17,Exit long,2022-06-21 01:30,Exit,1836.01,305.1,560782.953,-616.3,-0.11,1354.64,0.24,-616.3,-0.11,23277.52,11.64
17,Entry long,2022-06-20 18:00,Long,1838.03,305.1,560782.953,-616.3,-0.11,1354.64,0.24,-616.3,-0.11,23277.52,11.64
18,Exit long,2022-06-21 11:45,Exit,1834.5,191.1,351352.638,-779.69,-0.22,968.88,0.28,-779.69,-0.22,22497.83,11.25
18,Entry long,2022-06-21 10:00,Long,1838.58,191.1,351352.638,-779.69,-0.22,968.88,0.28,-779.69,-0.22,22497.83,11.25
19,Exit long,2022-07-25 14:45,Exit,1717.45,219.5,377748.525,-768.25,-0.20,100.97,0.03,-768.25,-0.20,21729.58,10.86
19,Entry long,2022-07-25 13:30,Long,1720.95,219.5,377748.525,-768.25,-0.20,100.97,0.03,-768.25,-0.20,21729.58,10.86
20,Exit long,2022-07-26 10:45,Exit,1717.58,200.9,345827.251,-765.43,-0.22,34.15,0.01,-765.43,-0.22,20964.15,10.48
20,Entry long,2022-07-26 09:45,Long,1721.39,200.9,345827.251,-765.43,-0.22,34.15,0.01,-765.43,-0.22,20964.15,10.48
21,Exit long,2022-07-26 21:30,Exit,1715.94,221.6,381012.392,-760.09,-0.20,157.34,0.04,-760.09,-0.20,20204.07,10.10
21,Entry long,2022-07-26 13:30,Long,1719.37,221.6,381012.392,-760.09,-0.20,157.34,0.04,-760.09,-0.20,20204.07,10.10
22,Exit long,2022-07-28 09:00,Exit,1743.18,157.9,275991.831,-743.71,-0.27,312.64,0.11,-743.71,-0.27,19460.36,9.73
22,Entry long,2022-07-28 08:45,Long,1747.89,157.9,275991.831,-743.71,-0.27,312.64,0.11,-743.71,-0.27,19460.36,9.73
23,Exit long,2022-08-10 21:30,Stale,1788.74,177.3,310886.685,6256.92,2.01,9653.99,3.11,-249.99,-0.08,25717.28,12.86
23,Entry long,2022-07-28 15:00,Long,1753.45,177.3,310886.685,6256.92,2.01,9653.99,3.11,-249.99,-0.08,25717.28,12.86
24,Exit long,2022-08-11 14:15,Exit,1787.67,207.6,371888.412,-768.12,-0.21,22.84,0.01,-768.12,-0.21,24949.15,12.47
24,Entry long,2022-08-11 13:30,Long,1791.37,207.6,371888.412,-768.12,-0.21,22.84,0.01,-768.12,-0.21,24949.15,12.47
25,Exit long,2022-08-25 14:30,Exit,1755.74,260,457295.8,-803.4,-0.18,20.8,0.00,-803.4,-0.18,24145.76,12.07
25,Entry long,2022-08-25 14:00,Long,1758.83,260,457295.8,-803.4,-0.18,20.8,0.00,-803.4,-0.18,24145.76,12.07
26,Exit long,2022-08-25 21:00,Exit,1754.84,309.1,543190.703,-769.66,-0.14,494.56,0.09,-769.66,-0.14,23376.1,11.69
26,Entry long,2022-08-25 16:00,Long,1757.33,309.1,543190.703,-769.66,-0.14,494.56,0.09,-769.66,-0.14,23376.1,11.69
27,Exit long,2022-09-12 21:00,Exit,1723.55,164.5,284310.285,-786.31,-0.28,1116.96,0.39,-786.31,-0.28,22589.79,11.29
27,Entry long,2022-09-12 10:30,Long,1728.33,164.5,284310.285,-786.31,-0.28,1116.96,0.39,-786.31,-0.28,22589.79,11.29
28,Exit long,2022-09-23 03:15,Exit,1667.9,168.3,281471.652,-764.08,-0.27,595.78,0.21,-764.08,-0.27,21825.7,10.91
28,Entry long,2022-09-22 15:15,Long,1672.44,168.3,281471.652,-764.08,-0.27,595.78,0.21,-764.08,-0.27,21825.7,10.91
29,Exit long,2022-09-29 10:15,Exit,1649.19,141.8,234622.28,-767.14,-0.33,504.81,0.22,-767.14,-0.33,21058.57,10.53
29,Entry long,2022-09-29 09:15,Long,1654.6,141.8,234622.28,-767.14,-0.33,504.81,0.22,-767.14,-0.33,21058.57,10.53
30,Exit long,2022-10-12 16:30,Stale,1673.06,116.5,192617.605,2293.89,1.19,8863.32,4.60,-45.43,-0.02,23352.45,11.68
30,Entry long,2022-09-29 11:00,Long,1653.37,116.5,192617.605,2293.89,1.19,8863.32,4.60,-45.43,-0.02,23352.45,11.68
31,Exit long,2022-10-25 03:15,Exit,1646.68,147.3,243324.87,-768.91,-0.32,444.85,0.18,-768.91,-0.32,22583.55,11.29
31,Entry long,2022-10-24 12:00,Long,1651.9,147.3,243324.87,-768.91,-0.32,444.85,0.18,-768.91,-0.32,22583.55,11.29
32,Exit long,2022-10-28 08:30,Exit,1642.31,200.9,330731.625,-791.55,-0.24,5767.84,1.74,-791.55,-0.24,21792,10.90
32,Entry long,2022-10-25 09:15,Long,1646.25,200.9,330731.625,-791.55,-0.24,5767.84,1.74,-791.55,-0.24,21792,10.90
33,Exit long,2022-11-02 14:45,Exit,1644.81,225,370860.75,-778.5,-0.21,4776.75,1.29,-778.5,-0.21,21013.5,10.51
33,Entry long,2022-11-01 16:00,Long,1648.27,225,370860.75,-778.5,-0.21,4776.75,1.29,-778.5,-0.21,21013.5,10.51
34,Exit long,2022-11-07 19:00,Exit,1673.25,183.5,307804.735,-763.36,-0.25,519.3,0.17,-763.36,-0.25,20250.14,10.13
34,Entry long,2022-11-07 10:45,Long,1677.41,183.5,307804.735,-763.36,-0.25,519.3,0.17,-763.36,-0.25,20250.14,10.13
35,Exit long,2022-11-16 21:00,Exit,1768.55,142.4,252599.088,-757.57,-0.30,1686.02,0.67,-757.57,-0.30,19492.57,9.75
35,Entry long,2022-11-15 13:30,Long,1773.87,142.4,252599.088,-757.57,-0.30,1686.02,0.67,-757.57,-0.30,19492.57,9.75
36,Exit long,2022-11-24 13:30,Exit,1754.14,320.5,562987.095,-785.22,-0.14,605.75,0.11,-785.22,-0.14,18707.35,9.35
36,Entry long,2022-11-24 08:45,Long,1756.59,320.5,562987.095,-785.22,-0.14,605.75,0.11,-785.22,-0.14,18707.35,9.35
37,Exit long,2022-11-29 13:45,Exit,1749.25,181.6,318419.256,-755.46,-0.24,849.89,0.27,-755.46,-0.24,17951.89,8.98
37,Entry long,2022-11-29 10:15,Long,1753.41,181.6,318419.256,-755.46,-0.24,849.89,0.27,-755.46,-0.24,17951.89,8.98
38,Exit long,2022-11-29 15:45,Exit,1748.54,211.2,370047.744,-756.1,-0.20,61.25,0.02,-756.1,-0.20,17195.79,8.60
38,Entry long,2022-11-29 14:15,Long,1752.12,211.2,370047.744,-756.1,-0.20,61.25,0.02,-756.1,-0.20,17195.79,8.60
39,Exit long,2022-12-12 09:30,Exit,1785.23,163.7,292995.171,-753.02,-0.26,2663.4,0.91,-753.02,-0.26,16442.77,8.22
39,Entry long,2022-12-08 11:45,Long,1789.83,163.7,292995.171,-753.02,-0.26,2663.4,0.91,-753.02,-0.26,16442.77,8.22
40,Exit long,2022-12-19 10:45,Exit,1789.8,215.5,386484.165,-782.26,-0.20,0,0.00,-814.59,-0.21,15660.51,7.83
40,Entry long,2022-12-19 10:30,Long,1793.43,215.5,386484.165,-782.26,-0.20,0,0.00,-814.59,-0.21,15660.51,7.83
41,Exit long,2022-12-28 03:15,Exit,1804.82,224.6,406114.982,-752.41,-0.19,5635.21,1.39,-752.41,-0.19,14908.1,7.45
41,Entry long,2022-12-27 09:45,Long,1808.17,224.6,406114.982,-752.41,-0.19,5635.21,1.39,-752.41,-0.19,14908.1,7.45
42,Exit long,2023-01-04 02:30,Exit,1855.62,286.6,518161.336,13659.36,2.64,13659.36,2.64,-315.26,-0.06,28567.46,14.28
42,Entry long,2022-12-29 08:30,Long,1807.96,286.6,518161.336,13659.36,2.64,13659.36,2.64,-315.26,-0.06,28567.46,14.28
43,Exit long,2023-01-09 12:00,Exit,1871.83,195.1,365984.188,-790.15,-0.22,507.26,0.14,-790.15,-0.22,27777.3,13.89
43,Entry long,2023-01-09 11:30,Long,1875.88,195.1,365984.188,-790.15,-0.22,507.26,0.14,-790.15,-0.22,27777.3,13.89
44,Exit long,2023-01-09 15:30,Exit,1870.14,199.4,373697.534,-791.62,-0.21,315.05,0.08,-791.62,-0.21,26985.68,13.49
44,Entry long,2023-01-09 14:45,Long,1874.11,199.4,373697.534,-791.62,-0.21,315.05,0.08,-791.62,-0.21,26985.68,13.49
45,Exit long,2023-01-10 11:30,Exit,1872.87,216.1,405511.65,-784.44,-0.19,909.78,0.22,-784.44,-0.19,26201.24,13.10
45,Entry long,2023-01-10 09:15,Long,1876.5,216.1,405511.65,-784.44,-0.19,909.78,0.22,-784.44,-0.19,26201.24,13.10
46,Exit long,2023-01-11 09:45,Exit,1870.83,202.9,380384.746,-793.34,-0.21,2404.36,0.63,-793.34,-0.21,25407.9,12.70
46,Entry long,2023-01-10 13:45,Long,1874.74,202.9,380384.746,-793.34,-0.21,2404.36,0.63,-793.34,-0.21,25407.9,12.70
47,Exit long,2023-01-25 19:30,Stale,1946.7,89.1,168141.501,5309.47,3.16,5523.31,3.28,-153.25,-0.09,30717.37,15.36
47,Entry long,2023-01-12 10:30,Long,1887.11,89.1,168141.501,5309.47,3.16,5523.31,3.28,-153.25,-0.09,30717.37,15.36
48,Exit long,2023-01-26 09:30,Exit,1935.29,172,333667.96,-798.08,-0.24,414.52,0.12,-798.08,-0.24,29919.29,14.96
48,Entry long,2023-01-26 09:15,Long,1939.93,172,333667.96,-798.08,-0.24,414.52,0.12,-798.08,-0.24,29919.29,14.96
49,Exit long,2023-01-26 21:30,Exit,1927.18,145,280228.45,-787.35,-0.28,314.65,0.11,-787.35,-0.28,29131.94,14.57
49,Entry long,2023-01-26 13:45,Long,1932.61,145,280228.45,-787.35,-0.28,314.65,0.11,-787.35,-0.28,29131.94,14.57
50,Exit long,2023-02-09 09:30,Exit,1880.09,211.7,398808.928,-793.87,-0.20,1350.65,0.34,-793.87,-0.20,28338.06,14.17
50,Entry long,2023-02-09 08:45,Long,1883.84,211.7,398808.928,-793.87,-0.20,1350.65,0.34,-793.87,-0.20,28338.06,14.17
51,Exit long,2023-03-02 08:45,Exit,1831.08,232.7,426871.861,-779.54,-0.18,0,0.00,-867.97,-0.20,27558.52,13.78
51,Entry long,2023-03-02 08:30,Long,1834.43,232.7,426871.861,-779.54,-0.18,0,0.00,-867.97,-0.20,27558.52,13.78
52,Exit long,2023-03-07 09:30,Exit,1830.01,213.2,390912.86,-754.73,-0.19,5272.44,1.35,-754.73,-0.19,26803.79,13.40
52,Entry long,2023-03-02 09:15,Long,1833.55,213.2,390912.86,-754.73,-0.19,5272.44,1.35,-754.73,-0.19,26803.79,13.40
53,Exit long,2023-03-15 02:15,Exit,1899.06,114.3,217844.37,-781.81,-0.36,497.21,0.23,-781.81,-0.36,26021.98,13.01
53,Entry long,2023-03-14 10:15,Long,1905.9,114.3,217844.37,-781.81,-0.36,497.21,0.23,-781.81,-0.36,26021.98,13.01
54,Exit long,2023-03-16 10:45,Exit,1922.3,123.2,237615.84,-788.48,-0.33,445.98,0.19,-788.48,-0.33,25233.5,12.62
54,Entry long,2023-03-16 10:15,Long,1928.7,123.2,237615.84,-788.48,-0.33,445.98,0.19,-788.48,-0.33,25233.5,12.62
55,Exit long,2023-03-29 22:15,Stale,1958.4,135.1,259394.702,5185.14,2.00,12121.17,4.67,-245.88,-0.09,30418.64,15.21
55,Entry long,2023-03-16 15:45,Long,1920.02,135.1,259394.702,5185.14,2.00,12121.17,4.67,-245.88,-0.09,30418.64,15.21
56,Exit long,2023-04-02 18:00,Exit,1964.14,163.9,322707.627,-785.08,-0.24,3051.82,0.95,-785.08,-0.24,29633.56,14.82
56,Entry long,2023-03-30 10:30,Long,1968.93,163.9,322707.627,-785.08,-0.24,3051.82,0.95,-785.08,-0.24,29633.56,14.82
57,Exit long,2023-04-03 21:45,Exit,1979.91,180.8,358759.632,-791.9,-0.22,310.98,0.09,-791.9,-0.22,28841.65,14.42
57,Entry long,2023-04-03 15:15,Long,1984.29,180.8,358759.632,-791.9,-0.22,310.98,0.09,-791.9,-0.22,28841.65,14.42
58,Exit long,2023-04-14 11:00,Exit,1997.58,205.9,412096.496,-794.77,-0.19,9734.95,2.36,-794.77,-0.19,28046.88,14.02
58,Entry long,2023-04-11 10:00,Long,2001.44,205.9,412096.496,-794.77,-0.19,9734.95,2.36,-794.77,-0.19,28046.88,14.02
59,Exit long,2023-04-20 10:45,Exit,2001.32,153.9,308791.116,-787.97,-0.26,906.47,0.29,-787.97,-0.26,27258.91,13.63
59,Entry long,2023-04-20 08:45,Long,2006.44,153.9,308791.116,-787.97,-0.26,906.47,0.29,-787.97,-0.26,27258.91,13.63
60,Exit long,2023-04-21 01:30,Exit,1997.11,125.6,251627.04,-790.02,-0.31,622.98,0.25,-790.02,-0.31,26468.89,13.23
60,Entry long,2023-04-20 11:30,Long,2003.4,125.6,251627.04,-790.02,-0.31,622.98,0.25,-790.02,-0.31,26468.89,13.23
61,Exit long,2023-05-03 18:00,Exit,2049.46,231.3,459620.856,14419.24,3.14,14419.24,3.14,-316.88,-0.07,40888.13,20.44
61,Entry long,2023-05-02 09:30,Long,1987.12,231.3,459620.856,14419.24,3.14,14419.24,3.14,-316.88,-0.07,40888.13,20.44
62,Exit long,2023-05-05 07:45,Exit,2035.04,143.4,292663.626,-838.89,-0.29,2672.98,0.91,-838.89,-0.29,40049.24,20.02
62,Entry long,2023-05-04 09:45,Long,2040.89,143.4,292663.626,-838.89,-0.29,2672.98,0.91,-838.89,-0.29,40049.24,20.02
63,Exit long,2023-05-08 13:45,Exit,2023.06,210.5,426679.29,-825.16,-0.19,500.99,0.12,-825.16,-0.19,39224.08,19.61
63,Entry long,2023-05-08 11:30,Long,2026.98,210.5,426679.29,-825.16,-0.19,500.99,0.12,-825.16,-0.19,39224.08,19.61
64,Exit long,2023-05-09 10:15,Exit,2026.76,231.8,470621.222,-818.25,-0.17,18.54,0.00,-818.25,-0.17,38405.82,19.20
64,Entry long,2023-05-09 10:00,Long,2030.29,231.8,470621.222,-818.25,-0.17,18.54,0.00,-818.25,-0.17,38405.82,19.20
65,Exit long,2023-06-02 12:00,Exit,1960.3,189.8,372888.672,-823.73,-0.22,3558.75,0.95,-823.73,-0.22,37582.09,18.79
65,Entry long,2023-06-01 08:45,Long,1964.64,189.8,372888.672,-823.73,-0.22,3558.75,0.95,-823.73,-0.22,37582.09,18.79
66,Exit long,2023-06-06 09:30,Exit,1960.3,238.6,468550.75,-823.17,-0.18,217.13,0.05,-823.17,-0.18,36758.92,18.38
66,Entry long,2023-06-06 09:15,Long,1963.75,238.6,468550.75,-823.17,-0.18,217.13,0.05,-823.17,-0.18,36758.92,18.38
67,Exit long,2023-06-07 02:30,Exit,1958.88,180.6,354595.458,-821.73,-0.23,599.59,0.17,-821.73,-0.23,35937.19,17.97
67,Entry long,2023-06-06 11:45,Long,1963.43,180.6,354595.458,-821.73,-0.23,599.59,0.17,-821.73,-0.23,35937.19,17.97
68,Exit long,2023-07-04 12:00,Exit,1925.75,387.1,746270.735,-812.91,-0.11,638.72,0.09,-812.91,-0.11,35124.28,17.56
68,Entry long,2023-07-04 09:30,Long,1927.85,387.1,746270.735,-812.91,-0.11,638.72,0.09,-812.91,-0.11,35124.28,17.56
69,Exit long,2023-07-21 16:30,Stale,1962.05,199.4,383248.794,7983.98,2.08,13040.76,3.40,-105.68,-0.03,43108.26,21.55
69,Entry long,2023-07-10 11:00,Long,1922.01,199.4,383248.794,7983.98,2.08,13040.76,3.40,-105.68,-0.03,43108.26,21.55
70,Exit long,2023-09-04 20:45,Stale,1937.43,229.8,436162.698,9058.72,2.08,12613.72,2.89,-374.57,-0.09,52166.97,26.08
70,Entry long,2023-08-22 11:45,Long,1898.01,229.8,436162.698,9058.72,2.08,12613.72,2.89,-374.57,-0.09,52166.97,26.08
71,Exit long,2023-09-20 21:00,Exit,1924.32,294.6,567803.202,-898.53,-0.16,5903.78,1.04,-898.53,-0.16,51268.45,25.63
71,Entry long,2023-09-18 10:45,Long,1927.37,294.6,567803.202,-898.53,-0.16,5903.78,1.04,-898.53,-0.16,51268.45,25.63
72,Exit long,2023-10-13 08:30,Exit,1916.89,240.9,445804.722,15974.08,3.58,15974.08,3.58,-457.71,-0.10,67242.52,33.62
72,Entry long,2023-10-09 10:30,Long,1850.58,240.9,445804.722,15974.08,3.58,15974.08,3.58,-457.71,-0.10,67242.52,33.62
73,Exit long,2023-10-16 20:30,Exit,1916.41,295.8,567796.974,-922.9,-0.16,647.8,0.11,-922.9,-0.16,66319.63,33.16
73,Entry long,2023-10-16 14:15,Long,1919.53,295.8,567796.974,-922.9,-0.16,647.8,0.11,-922.9,-0.16,66319.63,33.16
74,Exit long,2023-10-17 13:30,Exit,1920.78,172.2,331669.254,-910.94,-0.27,139.48,0.04,-910.94,-0.27,65408.69,32.70
74,Entry long,2023-10-17 11:15,Long,1926.07,172.2,331669.254,-910.94,-0.27,139.48,0.04,-910.94,-0.27,65408.69,32.70
75,Exit long,2023-10-20 11:00,Exit,1993.27,243.3,468080.004,16882.59,3.61,16882.59,3.61,-430.64,-0.09,82291.27,41.15
75,Entry long,2023-10-17 15:15,Long,1923.88,243.3,468080.004,16882.59,3.61,16882.59,3.61,-430.64,-0.09,82291.27,41.15
76,Exit long,2023-10-23 15:30,Exit,1972.09,192.7,380994.878,-973.13,-0.26,423.94,0.11,-973.13,-0.26,81318.14,40.66
76,Entry long,2023-10-23 10:45,Long,1977.14,192.7,380994.878,-973.13,-0.26,423.94,0.11,-973.13,-0.26,81318.14,40.66
77,Exit long,2023-11-06 18:15,Stale,1977.27,191.3,375948.499,2303.25,0.61,8461.2,2.25,-453.38,-0.12,83621.39,41.81
77,Entry long,2023-10-24 11:45,Long,1965.23,191.3,375948.499,2303.25,0.61,8461.2,2.25,-453.38,-0.12,83621.39,41.81
78,Exit long,2023-11-21 09:45,Exit,2006.32,442.5,869786.85,18009.75,2.07,18009.75,2.07,-75.22,-0.01,101631.14,50.82
78,Entry long,2023-11-16 08:30,Long,1965.62,442.5,869786.85,18009.75,2.07,18009.75,2.07,-75.22,-0.01,101631.14,50.82
79,Exit long,2023-11-21 20:15,Exit,1996.26,268.1,536250.939,-1053.63,-0.20,126.01,0.02,-1053.63,-0.20,100577.51,50.29
79,Entry long,2023-11-21 14:30,Long,2000.19,268.1,536250.939,-1053.63,-0.20,126.01,0.02,-1053.63,-0.20,100577.51,50.29
80,Exit long,2023-11-23 10:30,Exit,1991.81,519.5,1035794.685,-1049.39,-0.10,555.87,0.05,-1049.39,-0.10,99528.12,49.76
80,Entry long,2023-11-23 09:45,Long,1993.83,519.5,1035794.685,-1049.39,-0.10,555.87,0.05,-1049.39,-0.10,99528.12,49.76
81,Exit long,2023-11-28 09:15,Exit,2026.65,558.4,1112656.672,19024.69,1.71,19024.69,1.71,-636.58,-0.06,118552.81,59.28
81,Entry long,2023-11-23 13:30,Long,1992.58,558.4,1112656.672,19024.69,1.71,19024.69,1.71,-636.58,-0.06,118552.81,59.28
82,Exit long,2023-11-30 08:30,Exit,2038.14,383.8,783343.476,-1105.34,-0.14,1159.08,0.15,-1105.34,-0.14,117447.46,58.72
82,Entry long,2023-11-30 08:15,Long,2041.02,383.8,783343.476,-1105.34,-0.14,1159.08,0.15,-1105.34,-0.14,117447.46,58.72
83,Exit long,2023-11-30 13:45,Exit,2034.55,220.2,449100.102,-1092.19,-0.24,398.56,0.09,-1092.19,-0.24,116355.27,58.18
83,Entry long,2023-11-30 11:30,Long,2039.51,220.2,449100.102,-1092.19,-0.24,398.56,0.09,-1092.19,-0.24,116355.27,58.18
84,Exit long,2023-12-14 13:00,Exit,2032.23,217,442083.25,-1089.34,-0.25,2304.54,0.52,-1089.34,-0.25,115265.93,57.63
84,Entry long,2023-12-14 09:00,Long,2037.25,217,442083.25,-1089.34,-0.25,2304.54,0.52,-1089.34,-0.25,115265.93,57.63
85,Exit long,2023-12-14 19:15,Exit,2031.85,250.4,509879.504,-1104.26,-0.22,588.44,0.12,-1104.26,-0.22,114161.67,57.08
85,Entry long,2023-12-14 15:45,Long,2036.26,250.4,509879.504,-1104.26,-0.22,588.44,0.12,-1104.26,-0.22,114161.67,57.08
86,Exit long,2024-01-02 18:15,Stale,2058.85,295.9,598759.568,10454.15,1.75,19206.87,3.21,-677.61,-0.11,124615.81,62.31
86,Entry long,2023-12-18 10:45,Long,2023.52,295.9,598759.568,10454.15,1.75,19206.87,3.21,-677.61,-0.11,124615.81,62.31
87,Exit long,2024-01-15 20:00,Exit,2050.68,435.6,894413.124,-1136.92,-0.13,1341.65,0.15,-1136.92,-0.13,123478.9,61.74
87,Entry long,2024-01-15 11:00,Long,2053.29,435.6,894413.124,-1136.92,-0.13,1341.65,0.15,-1136.92,-0.13,123478.9,61.74
88,Exit long,2024-01-24 10:00,Exit,2022.25,282.3,572024.49,-1143.31,-0.20,2921.81,0.51,-1143.31,-0.20,122335.59,61.17
88,Entry long,2024-01-23 11:15,Long,2026.3,282.3,572024.49,-1143.31,-0.20,2921.81,0.51,-1143.31,-0.20,122335.59,61.17
89,Exit long,2024-02-05 01:30,Exit,2027.55,331.6,673463.02,-1127.44,-0.17,11430.25,1.70,-1127.44,-0.17,121208.14,60.60
89,Entry long,2024-01-29 15:15,Long,2030.95,331.6,673463.02,-1127.44,-0.17,11430.25,1.70,-1127.44,-0.17,121208.14,60.60
90,Exit long,2024-02-20 14:45,Exit,2025.16,380,770685.6,-1124.8,-0.15,710.6,0.09,-1124.8,-0.15,120083.34,60.04
90,Entry long,2024-02-20 10:00,Long,2028.12,380,770685.6,-1124.8,-0.15,710.6,0.09,-1124.8,-0.15,120083.34,60.04
91,Exit long,2024-02-23 01:00,Exit,2022.11,441.3,893469.219,-1112.08,-0.12,1200.34,0.13,-1112.08,-0.12,118971.27,59.49
91,Entry long,2024-02-22 16:00,Long,2024.63,441.3,893469.219,-1112.08,-0.12,1200.34,0.13,-1112.08,-0.12,118971.27,59.49
92,Exit long,2024-02-28 03:45,Exit,2027.06,370.4,751941.632,-1118.61,-0.15,3470.65,0.46,-1118.61,-0.15,117852.66,58.93
92,Entry long,2024-02-26 13:15,Long,2030.08,370.4,751941.632,-1118.61,-0.15,3470.65,0.46,-1118.61,-0.15,117852.66,58.93
93,Exit long,2024-03-01 03:30,Exit,2040.4,318.2,650432.62,-1177.34,-0.18,2096.94,0.32,-1177.34,-0.18,116675.32,58.34
93,Entry long,2024-02-29 08:45,Long,2044.1,318.2,650432.62,-1177.34,-0.18,2096.94,0.32,-1177.34,-0.18,116675.32,58.34
94,Exit long,2024-03-18 16:45,Stale,2159.54,132.6,282065.394,4289.61,1.52,9006.19,3.19,-468.08,-0.17,120964.93,60.48
94,Entry long,2024-03-05 11:15,Long,2127.19,132.6,282065.394,4289.61,1.52,9006.19,3.19,-468.08,-0.17,120964.93,60.48
95,Exit long,2024-03-21 09:15,Exit,2202.86,227.6,502474.796,-1103.86,-0.22,88.76,0.02,-1160.76,-0.23,119861.07,59.93
95,Entry long,2024-03-21 09:00,Long,2207.71,227.6,502474.796,-1103.86,-0.22,88.76,0.02,-1160.76,-0.23,119861.07,59.93
96,Exit long,2024-04-07 22:30,Exit,2333.37,229.4,514931.886,20343.19,3.95,20343.19,3.95,-383.1,-0.07,140204.27,70.10
96,Entry long,2024-04-01 16:00,Long,2244.69,229.4,514931.886,20343.19,3.95,20343.19,3.95,-383.1,-0.07,140204.27,70.10
97,Exit long,2024-04-10 09:00,Exit,2324.98,161.8,377396.882,-1215.12,-0.32,5315.13,1.41,-1215.12,-0.32,138989.14,69.49
97,Entry long,2024-04-08 13:30,Long,2332.49,161.8,377396.882,-1215.12,-0.32,5315.13,1.41,-1215.12,-0.32,138989.14,69.49
98,Exit long,2024-04-11 10:30,Exit,2333.43,181.5,424722.705,-1205.16,-0.28,1341.29,0.32,-1205.16,-0.28,137783.98,68.89
98,Entry long,2024-04-11 08:45,Long,2340.07,181.5,424722.705,-1205.16,-0.28,1341.29,0.32,-1205.16,-0.28,137783.98,68.89
99,Exit long,2024-04-15 10:00,Exit,2331.61,156.8,366769.312,-1172.86,-0.32,14485.18,3.95,-1172.86,-0.32,136611.12,68.31
99,Entry long,2024-04-11 11:00,Long,2339.09,156.8,366769.312,-1172.86,-0.32,14485.18,3.95,-1172.86,-0.32,136611.12,68.31
100,Exit long,2024-04-16 09:45,Exit,2371.75,167.4,398157.552,-1126.6,-0.28,1.67,0.00,-1468.1,-0.37,135484.52,67.74
100,Entry long,2024-04-16 09:30,Long,2378.48,167.4,398157.552,-1126.6,-0.28,1.67,0.00,-1468.1,-0.37,135484.52,67.74
101,Exit long,2024-04-17 12:45,Exit,2364.37,127.1,301634.991,-1123.56,-0.37,3191.48,1.06,-1123.56,-0.37,134360.95,67.18
101,Entry long,2024-04-16 10:45,Long,2373.21,127.1,301634.991,-1123.56,-0.37,3191.48,1.06,-1123.56,-0.37,134360.95,67.18
102,Exit long,2024-04-18 10:30,Exit,2374.11,143.1,340915.716,-1180.57,-0.35,343.44,0.10,-1180.57,-0.35,133180.38,66.59
102,Entry long,2024-04-18 10:15,Long,2382.36,143.1,340915.716,-1180.57,-0.35,343.44,0.10,-1180.57,-0.35,133180.38,66.59
103,Exit long,2024-04-21 23:00,Exit,2371.97,127.1,302617.474,-1140.09,-0.38,4686.18,1.55,-1140.09,-0.38,132040.3,66.02
103,Entry long,2024-04-18 11:15,Long,2380.94,127.1,302617.474,-1140.09,-0.38,4686.18,1.55,-1140.09,-0.38,132040.3,66.02
104,Exit long,2024-04-29 20:00,Exit,2332.38,175.4,410251.83,-1152.38,-0.28,1361.1,0.33,-1152.38,-0.28,130887.91,65.44
104,Entry long,2024-04-29 10:30,Long,2338.95,175.4,410251.83,-1152.38,-0.28,1361.1,0.33,-1152.38,-0.28,130887.91,65.44
105,Exit long,2024-05-07 04:00,Exit,2316.04,159.4,370305.328,-1128.55,-0.30,1093.48,0.30,-1128.55,-0.30,129759.36,64.88
105,Entry long,2024-05-06 11:15,Long,2323.12,159.4,370305.328,-1128.55,-0.30,1093.48,0.30,-1128.55,-0.30,129759.36,64.88
106,Exit long,2024-05-07 21:30,Exit,2311.6,217.8,504599.04,-1132.56,-0.22,135.04,0.03,-1132.56,-0.22,128626.81,64.31
106,Entry long,2024-05-07 13:45,Long,2316.8,217.8,504599.04,-1132.56,-0.22,135.04,0.03,-1132.56,-0.22,128626.81,64.31
107,Exit long,2024-05-19 21:00,Exit,2439.94,170.7,395619.441,20878.32,5.28,20878.32,5.28,-37.55,-0.01,149505.12,74.75
107,Entry long,2024-05-09 09:30,Long,2317.63,170.7,395619.441,20878.32,5.28,20878.32,5.28,-37.55,-0.01,149505.12,74.75
108,Exit long,2024-05-21 22:45,Exit,2417.91,223.3,541105.026,-1185.72,-0.22,732.42,0.14,-1185.72,-0.22,148319.39,74.16
108,Entry long,2024-05-21 15:15,Long,2423.22,223.3,541105.026,-1185.72,-0.22,732.42,0.14,-1185.72,-0.22,148319.39,74.16
109,Exit long,2024-05-29 02:15,Exit,2351.92,228.2,537890.22,-1182.08,-0.22,1230,0.23,-1182.08,-0.22,147137.31,73.57
109,Entry long,2024-05-28 15:00,Long,2357.1,228.2,537890.22,-1182.08,-0.22,1230,0.23,-1182.08,-0.22,147137.31,73.57
110,Exit long,2024-06-07 04:00,Exit,2355.71,227.3,536662.119,-1209.24,-0.23,6055.27,1.13,-1209.24,-0.23,145928.08,72.96
110,Entry long,2024-06-06 09:30,Long,2361.03,227.3,536662.119,-1209.24,-0.23,6055.27,1.13,-1209.24,-0.23,145928.08,72.96
111,Exit long,2024-06-17 11:15,Exit,2320.93,231.1,537559.399,-1192.48,-0.22,342.03,0.06,-1192.48,-0.22,144735.61,72.37
111,Entry long,2024-06-17 10:30,Long,2326.09,231.1,537559.399,-1192.48,-0.22,342.03,0.06,-1192.48,-0.22,144735.61,72.37
112,Exit long,2024-06-18 03:45,Exit,2315.27,278.4,645759.936,-1188.77,-0.18,1701.02,0.26,-1188.77,-0.18,143546.84,71.77
112,Entry long,2024-06-17 15:15,Long,2319.54,278.4,645759.936,-1188.77,-0.18,1701.02,0.26,-1188.77,-0.18,143546.84,71.77
113,Exit long,2024-06-27 20:45,Exit,2321.86,268.5,624603.495,-1184.08,-0.19,598.76,0.10,-1184.08,-0.19,142362.75,71.18
113,Entry long,2024-06-27 15:00,Long,2326.27,268.5,624603.495,-1184.08,-0.19,598.76,0.10,-1184.08,-0.19,142362.75,71.18
114,Exit long,2024-07-02 03:15,Exit,2323.62,216.1,503314.188,-1179.91,-0.23,1136.69,0.23,-1179.91,-0.23,141182.84,70.59
114,Entry long,2024-07-01 13:30,Long,2329.08,216.1,503314.188,-1179.91,-0.23,1136.69,0.23,-1179.91,-0.23,141182.84,70.59
115,Exit long,2024-07-02 12:00,Exit,2322.97,186.8,435118.844,-1188.05,-0.27,145.7,0.03,-1188.05,-0.27,139994.8,70.00
115,Entry long,2024-07-02 11:15,Long,2329.33,186.8,435118.844,-1188.05,-0.27,145.7,0.03,-1188.05,-0.27,139994.8,70.00
116,Exit long,2024-07-11 11:00,Exit,2418.27,235.7,548372.549,21613.69,3.94,21613.69,3.94,-176.77,-0.03,161608.48,80.80
116,Entry long,2024-07-02 14:15,Long,2326.57,235.7,548372.549,21613.69,3.94,21613.69,3.94,-176.77,-0.03,161608.48,80.80
117,Exit long,2024-07-19 02:00,Exit,2418.77,215.2,521763.16,-1243.86,-0.24,12716.17,2.44,-1243.86,-0.24,160364.64,80.18
117,Entry long,2024-07-15 14:45,Long,2424.55,215.2,521763.16,-1243.86,-0.24,12716.17,2.44,-1243.86,-0.24,160364.64,80.18
118,Exit long,2024-07-30 11:15,Exit,2387.07,327.1,782053.577,-1242.98,-0.16,2243.91,0.29,-1242.98,-0.16,159121.66,79.56
118,Entry long,2024-07-30 09:15,Long,2390.87,327.1,782053.577,-1242.98,-0.16,2243.91,0.29,-1242.98,-0.16,159121.66,79.56
119,Exit long,2024-08-01 21:15,Exit,2436.28,177.3,433186.452,-1234.01,-0.28,1602.79,0.37,-1234.01,-0.28,157887.64,78.94
119,Entry long,2024-08-01 15:30,Long,2443.24,177.3,433186.452,-1234.01,-0.28,1602.79,0.37,-1234.01,-0.28,157887.64,78.94
120,Exit long,2024-08-13 15:30,Exit,2463.26,268.1,661625.223,-1225.22,-0.19,278.82,0.04,-1225.22,-0.19,156662.44,78.33
120,Entry long,2024-08-13 15:00,Long,2467.83,268.1,661625.223,-1225.22,-0.19,278.82,0.04,-1225.22,-0.19,156662.44,78.33
121,Exit long,2024-08-28 16:15,Stale,2507.88,129.6,318087.648,6933.6,2.18,10024.56,3.15,-489.89,-0.15,163596.03,81.80
121,Entry long,2024-08-15 10:45,Long,2454.38,129.6,318087.648,6933.6,2.18,10024.56,3.15,-489.89,-0.15,163596.03,81.80
122,Exit long,2024-08-30 10:15,Exit,2510.47,196.8,495296.4,-1235.9,-0.25,2345.86,0.47,-1235.9,-0.25,162360.12,81.18
122,Entry long,2024-08-29 10:00,Long,2516.75,196.8,495296.4,-1235.9,-0.25,2345.86,0.47,-1235.9,-0.25,162360.12,81.18
123,Exit long,2024-09-05 10:45,Exit,2510.66,191.5,482051.46,-1260.07,-0.26,270.02,0.06,-1260.07,-0.26,161100.06,80.55
123,Entry long,2024-09-05 10:30,Long,2517.24,191.5,482051.46,-1260.07,-0.26,270.02,0.06,-1260.07,-0.26,161100.06,80.55
124,Exit long,2024-09-06 09:15,Exit,2506.84,205.2,515632.716,-1229.15,-0.24,3367.33,0.65,-1229.15,-0.24,159870.9,79.94
124,Entry long,2024-09-05 13:30,Long,2512.83,205.2,515632.716,-1229.15,-0.24,3367.33,0.65,-1229.15,-0.24,159870.9,79.94
125,Exit long,2024-09-11 08:45,Exit,2503.56,221,554533.2,-1246.44,-0.22,4353.7,0.79,-1246.44,-0.22,158624.47,79.31
125,Entry long,2024-09-10 11:00,Long,2509.2,221,554533.2,-1246.44,-0.22,4353.7,0.79,-1246.44,-0.22,158624.47,79.31
126,Exit long,2024-09-16 23:15,Exit,2577.6,275.9,712393.113,-1233.27,-0.17,1161.54,0.16,-1233.27,-0.17,157391.19,78.70
126,Entry long,2024-09-16 13:45,Long,2582.07,275.9,712393.113,-1233.27,-0.17,1161.54,0.16,-1233.27,-0.17,157391.19,78.70
127,Exit long,2024-09-17 10:30,Exit,2574.13,185.7,479241.561,-1225.62,-0.26,280.41,0.06,-1225.62,-0.26,156165.58,78.08
127,Entry long,2024-09-17 10:15,Long,2580.73,185.7,479241.561,-1225.62,-0.26,280.41,0.06,-1225.62,-0.26,156165.58,78.08
128,Exit long,2024-09-18 15:00,Exit,2564.41,194.9,501019.685,-1216.18,-0.24,5751.5,1.15,-1216.18,-0.24,154949.4,77.47
128,Entry long,2024-09-17 14:15,Long,2570.65,194.9,501019.685,-1216.18,-0.24,5751.5,1.15,-1216.18,-0.24,154949.4,77.47
129,Exit long,2024-10-02 16:15,Stale,2659.24,155.1,400646.565,11801.56,2.95,15876.04,3.96,-460.65,-0.11,166750.95,83.38
129,Entry long,2024-09-19 10:45,Long,2583.15,155.1,400646.565,11801.56,2.95,15876.04,3.96,-460.65,-0.11,166750.95,83.38
130,Exit long,2024-10-14 23:15,Exit,2645.96,292.9,776264.083,-1262.4,-0.16,905.06,0.12,-1262.4,-0.16,165488.56,82.74
130,Entry long,2024-10-14 14:30,Long,2650.27,292.9,776264.083,-1262.4,-0.16,905.06,0.12,-1262.4,-0.16,165488.56,82.74
131,Exit long,2024-10-23 03:30,Exit,2754.52,226.1,599574.241,23222.73,3.87,23222.73,3.87,-1116.93,-0.19,188711.3,94.36
131,Entry long,2024-10-15 09:30,Long,2651.81,226.1,599574.241,23222.73,3.87,23222.73,3.87,-1116.93,-0.19,188711.3,94.36
132,Exit long,2024-10-31 10:45,Exit,2737.9,327.5,898031.2,-1368.95,-0.15,15733.1,1.75,-1368.95,-0.15,187342.34,93.67
132,Entry long,2024-10-28 14:45,Long,2742.08,327.5,898031.2,-1368.95,-0.15,15733.1,1.75,-1368.95,-0.15,187342.34,93.67
133,Exit long,2024-11-20 02:45,Exit,2622.31,200.8,527887.136,-1327.29,-0.25,2590.32,0.49,-1327.29,-0.25,186015.05,93.01
133,Entry long,2024-11-19 13:15,Long,2628.92,200.8,527887.136,-1327.29,-0.25,2590.32,0.49,-1327.29,-0.25,186015.05,93.01
134,Exit long,2024-11-21 09:45,Exit,2661.36,233.5,622784.195,-1356.63,-0.22,1039.08,0.17,-1356.63,-0.22,184658.42,92.33
134,Entry long,2024-11-21 08:15,Long,2667.17,233.5,622784.195,-1356.63,-0.22,1039.08,0.17,-1356.63,-0.22,184658.42,92.33
135,Exit long,2024-11-24 22:15,Exit,2659.72,198.7,529783.875,-1297.51,-0.24,10954.33,2.07,-1297.51,-0.24,183360.9,91.68
135,Entry long,2024-11-21 10:30,Long,2666.25,198.7,529783.875,-1297.51,-0.24,10954.33,2.07,-1297.51,-0.24,183360.9,91.68
136,Exit long,2024-12-04 03:30,Exit,2637.08,184.1,486800.902,-1314.47,-0.27,1323.68,0.27,-1314.47,-0.27,182046.44,91.02
136,Entry long,2024-12-03 11:30,Long,2644.22,184.1,486800.902,-1314.47,-0.27,1323.68,0.27,-1314.47,-0.27,182046.44,91.02
137,Exit long,2024-12-05 09:45,Exit,2643.59,241.5,639747.99,-1321,-0.21,289.8,0.05,-1321,-0.21,180725.42,90.36
137,Entry long,2024-12-05 09:00,Long,2649.06,241.5,639747.99,-1321,-0.21,289.8,0.05,-1321,-0.21,180725.42,90.36
138,Exit long,2024-12-26 08:30,Exit,2626.84,397.3,1044918.865,-1275.33,-0.12,143.03,0.01,-1275.33,-0.12,179450.1,89.73
138,Entry long,2024-12-26 08:15,Long,2630.05,397.3,1044918.865,-1275.33,-0.12,143.03,0.01,-1275.33,-0.12,179450.1,89.73
139,Exit long,2024-12-27 03:45,Exit,2626.11,332,873183.24,-1314.72,-0.15,3001.28,0.34,-1314.72,-0.15,178135.38,89.07
139,Entry long,2024-12-26 10:00,Long,2630.07,332,873183.24,-1314.72,-0.15,3001.28,0.34,-1314.72,-0.15,178135.38,89.07
140,Exit long,2025-01-05 23:15,Exit,2635.93,249,657337.59,-991.02,-0.15,6277.29,0.95,-991.02,-0.15,177144.36,88.57
140,Entry long,2025-01-02 08:30,Long,2639.91,249,657337.59,-991.02,-0.15,6277.29,0.95,-991.02,-0.15,177144.36,88.57
141,Exit long,2025-01-17 16:00,Stale,2700.97,129,340427.13,7998,2.35,11073.36,3.25,-875.91,-0.26,185142.36,92.57
141,Entry long,2025-01-06 10:30,Long,2638.97,129,340427.13,7998,2.35,11073.36,3.25,-875.91,-0.26,185142.36,92.57
142,Exit long,2025-01-20 11:15,Exit,2703.18,234.8,636040.328,-1333.66,-0.21,54,0.01,-1333.66,-0.21,183808.69,91.90
142,Entry long,2025-01-20 10:45,Long,2708.86,234.8,636040.328,-1333.66,-0.21,54,0.01,-1333.66,-0.21,183808.69,91.90
143,Exit long,2025-01-31 10:00,Exit,2815.55,227.8,616980.354,24401.94,3.96,24401.94,3.96,-1248.34,-0.20,208210.62,104.11
143,Entry long,2025-01-20 11:45,Long,2708.43,227.8,616980.354,24401.94,3.96,24401.94,3.96,-1248.34,-0.20,208210.62,104.11
144,Exit long,2025-02-04 01:30,Exit,2811,234.6,660872.892,-1412.29,-0.21,1775.92,0.27,-1412.29,-0.21,206798.33,103.40
144,Entry long,2025-02-03 15:45,Long,2817.02,234.6,660872.892,-1412.29,-0.21,1775.92,0.27,-1412.29,-0.21,206798.33,103.40
145,Exit long,2025-02-19 23:45,Stale,2941.08,261,744875.73,22746.15,3.05,24283.44,3.26,-459.36,-0.06,229544.48,114.77
145,Entry long,2025-02-06 15:00,Long,2853.93,261,744875.73,22746.15,3.05,24283.44,3.26,-459.36,-0.06,229544.48,114.77
146,Exit long,2025-02-20 14:30,Exit,2934.61,176.7,520019.265,-1473.68,-0.28,712.1,0.14,-1473.68,-0.28,228070.81,114.04
146,Entry long,2025-02-20 11:30,Long,2942.95,176.7,520019.265,-1473.68,-0.28,712.1,0.14,-1473.68,-0.28,228070.81,114.04
147,Exit long,2025-02-24 23:15,Exit,2934.89,189.5,557630.28,-1468.62,-0.26,2090.19,0.37,-1468.62,-0.26,226602.19,113.30
147,Entry long,2025-02-24 11:15,Long,2942.64,189.5,557630.28,-1468.62,-0.26,2090.19,0.37,-1468.62,-0.26,226602.19,113.30
148,Exit long,2025-03-03 20:00,Exit,2883.57,212.5,614250.375,-1491.75,-0.24,977.5,0.16,-1491.75,-0.24,225110.44,112.56
148,Entry long,2025-03-03 16:00,Long,2890.59,212.5,614250.375,-1491.75,-0.24,977.5,0.16,-1491.75,-0.24,225110.44,112.56
149,Exit long,2025-03-04 20:00,Exit,2906.43,168.2,490333.276,-1471.75,-0.30,874.64,0.18,-1471.75,-0.30,223638.69,111.82
149,Entry long,2025-03-04 12:00,Long,2915.18,168.2,490333.276,-1471.75,-0.30,874.64,0.18,-1471.75,-0.30,223638.69,111.82
150,Exit long,2025-03-06 19:00,Exit,2899.76,197.8,575028.336,-1455.81,-0.25,3073.81,0.53,-1455.81,-0.25,222182.88,111.09
150,Entry long,2025-03-06 08:15,Long,2907.12,197.8,575028.336,-1455.81,-0.25,3073.81,0.53,-1455.81,-0.25,222182.88,111.09
151,Exit long,2025-03-12 09:15,Exit,2906.07,273,794844.96,-1487.85,-0.19,3742.83,0.47,-1487.85,-0.19,220695.02,110.35
151,Entry long,2025-03-11 09:30,Long,2911.52,273,794844.96,-1487.85,-0.19,3742.83,0.47,-1487.85,-0.19,220695.02,110.35
152,Exit long,2025-03-19 20:00,Exit,3054.32,244.8,720962.928,26734.61,3.71,26734.61,3.71,-56.3,-0.01,247429.62,123.71
152,Entry long,2025-03-13 09:30,Long,2945.11,244.8,720962.928,26734.61,3.71,26734.61,3.71,-56.3,-0.01,247429.62,123.71
153,Exit long,2025-03-20 09:00,Exit,3033.98,234.9,714227.544,-1545.64,-0.22,406.38,0.06,-1545.64,-0.22,245883.98,122.94
153,Entry long,2025-03-20 08:45,Long,3040.56,234.9,714227.544,-1545.64,-0.22,406.38,0.06,-1545.64,-0.22,245883.98,122.94
154,Exit long,2025-03-20 23:15,Exit,3030.69,199.3,605545.148,-1528.63,-0.25,1823.6,0.30,-1528.63,-0.25,244355.36,122.18
154,Entry long,2025-03-20 10:45,Long,3038.36,199.3,605545.148,-1528.63,-0.25,1823.6,0.30,-1528.63,-0.25,244355.36,122.18
155,Exit long,2025-04-04 10:45,Exit,3039.06,188.1,573176.439,-1529.25,-0.27,22664.17,3.95,-1529.25,-0.27,242826.11,121.41
155,Entry long,2025-03-27 10:15,Long,3047.19,188.1,573176.439,-1529.25,-0.27,22664.17,3.95,-1529.25,-0.27,242826.11,121.41
156,Exit long,2025-04-21 18:00,Exit,3431.94,97.4,306117.486,28153.47,9.20,28153.47,9.20,-169.48,-0.06,270979.56,135.49
156,Entry long,2025-04-10 10:15,Long,3142.89,97.4,306117.486,28153.47,9.20,28153.47,9.20,-169.48,-0.06,270979.56,135.49
157,Exit long,2025-05-06 20:30,Exit,3374.67,136.9,463598.16,-1605.84,-0.35,6609.53,1.43,-1605.84,-0.35,269373.75,134.69
157,Entry long,2025-05-06 11:00,Long,3386.4,136.9,463598.16,-1605.84,-0.35,6609.53,1.43,-1605.84,-0.35,269373.75,134.69
158,Exit long,2025-05-08 11:15,Exit,3342.9,151.9,509378.422,-1591.91,-0.31,2448.63,0.48,-1591.91,-0.31,267781.8,133.89
158,Entry long,2025-05-08 08:30,Long,3353.38,151.9,509378.422,-1591.91,-0.31,2448.63,0.48,-1591.91,-0.31,267781.8,133.89
159,Exit long,2025-05-19 19:00,Exit,3223.59,137.6,445162.144,-1596.16,-0.36,631.58,0.14,-1596.16,-0.36,266185.66,133.09
159,Entry long,2025-05-19 11:15,Long,3235.19,137.6,445162.144,-1596.16,-0.36,631.58,0.14,-1596.16,-0.36,266185.66,133.09
160,Exit long,2025-05-22 09:45,Exit,3302.62,130.9,433906.011,-1593.05,-0.37,134.83,0.03,-1593.05,-0.37,264592.62,132.30
160,Entry long,2025-05-22 09:15,Long,3314.79,130.9,433906.011,-1593.05,-0.37,134.83,0.03,-1593.05,-0.37,264592.62,132.30
161,Exit long,2025-06-04 07:15,Exit,3345.59,199.8,670037.292,-1588.41,-0.24,3816.18,0.57,-1588.41,-0.24,263004.2,131.50
161,Entry long,2025-06-03 13:30,Long,3353.54,199.8,670037.292,-1588.41,-0.24,3816.18,0.57,-1588.41,-0.24,263004.2,131.50
162,Exit long,2025-06-16 23:15,Exit,3375.77,125.9,426588.229,-1578.79,-0.37,7935.48,1.86,-1578.79,-0.37,261425.42,130.71
162,Entry long,2025-06-12 11:30,Long,3388.31,125.9,426588.229,-1578.79,-0.37,7935.48,1.86,-1578.79,-0.37,261425.42,130.71
163,Exit long,2025-06-17 10:00,Exit,3384.49,178.5,605709.405,-1577.94,-0.26,738.99,0.12,-1577.94,-0.26,259847.48,129.92
163,Entry long,2025-06-17 09:15,Long,3393.33,178.5,605709.405,-1577.94,-0.26,738.99,0.12,-1577.94,-0.26,259847.48,129.92
164,Exit long,2025-06-23 16:30,Exit,3371.56,152.2,514734.312,-1582.88,-0.31,858.41,0.17,-1582.88,-0.31,258264.6,129.13
164,Entry long,2025-06-23 13:45,Long,3381.96,152.2,514734.312,-1582.88,-0.31,858.41,0.17,-1582.88,-0.31,258264.6,129.13
165,Exit long,2025-07-10 09:45,Exit,3317.76,253.9,843963.6,-1584.34,-0.19,1335.51,0.16,-1584.34,-0.19,256680.27,128.34
165,Entry long,2025-07-10 09:00,Long,3324,253.9,843963.6,-1584.34,-0.19,1335.51,0.16,-1584.34,-0.19,256680.27,128.34
166,Exit long,2025-07-10 12:30,Exit,3312.87,195.8,650189.144,-1529.2,-0.24,111.61,0.02,-1529.2,-0.24,255151.06,127.58
166,Entry long,2025-07-10 11:30,Long,3320.68,195.8,650189.144,-1529.2,-0.24,111.61,0.02,-1529.2,-0.24,255151.06,127.58
167,Exit long,2025-08-05 02:45,Exit,3365.56,245.9,829164.964,-1573.76,-0.19,2579.49,0.31,-1573.76,-0.19,253577.3,126.79
167,Entry long,2025-08-04 13:15,Long,3371.96,245.9,829164.964,-1573.76,-0.19,2579.49,0.31,-1573.76,-0.19,253577.3,126.79
168,Exit long,2025-08-10 21:00,Exit,3373.23,194.5,657649.235,-1556,-0.24,5179.54,0.79,-1556,-0.24,252021.3,126.01
168,Entry long,2025-08-07 08:30,Long,3381.23,194.5,657649.235,-1556,-0.24,5179.54,0.79,-1556,-0.24,252021.3,126.01
169,Exit long,2025-08-21 20:15,Exit,3335.65,270.4,903547.008,-1587.25,-0.18,1776.53,0.20,-1587.25,-0.18,250434.06,125.22
169,Entry long,2025-08-21 08:15,Long,3341.52,270.4,903547.008,-1587.25,-0.18,1776.53,0.20,-1587.25,-0.18,250434.06,125.22
170,Exit long,2025-08-25 15:00,Exit,3368.63,422.5,1424805.2,-1559.02,-0.11,388.7,0.03,-1559.02,-0.11,248875.03,124.44
170,Entry long,2025-08-25 14:15,Long,3372.32,422.5,1424805.2,-1559.02,-0.11,388.7,0.03,-1559.02,-0.11,248875.03,124.44
171,Exit long,2025-08-26 10:00,Exit,3371.32,251.2,848370.224,-1494.64,-0.18,72.85,0.01,-1494.64,-0.18,247380.39,123.69
171,Entry long,2025-08-26 09:45,Long,3377.27,251.2,848370.224,-1494.64,-0.18,72.85,0.01,-1494.64,-0.18,247380.39,123.69
172,Exit long,2025-09-01 21:15,Exit,3497.45,235.4,794844.578,28455.15,3.58,28455.15,3.58,-720.32,-0.09,275835.53,137.92
172,Entry long,2025-08-26 10:45,Long,3376.57,235.4,794844.578,28455.15,3.58,28455.15,3.58,-720.32,-0.09,275835.53,137.92
173,Exit long,2025-09-09 09:30,Exit,3667.4,166,578536.56,30251.84,5.23,30251.84,5.23,-1057.42,-0.18,306087.38,153.04
173,Entry long,2025-09-02 09:30,Long,3485.16,166,578536.56,30251.84,5.23,30251.84,5.23,-1057.42,-0.18,306087.38,153.04
174,Exit long,2025-09-09 11:00,Exit,3640.74,138.2,504872.24,-1721.97,-0.34,158.93,0.03,-2346.64,-0.46,304365.4,152.18
174,Entry long,2025-09-09 10:30,Long,3653.2,138.2,504872.24,-1721.97,-0.34,158.93,0.03,-2346.64,-0.46,304365.4,152.18
175,Exit long,2025-09-11 09:15,Exit,3627.32,176.8,643030.44,-1720.26,-0.27,56.58,0.01,-1907.67,-0.30,302645.16,151.32
175,Entry long,2025-09-11 08:45,Long,3637.05,176.8,643030.44,-1720.26,-0.27,56.58,0.01,-1907.67,-0.30,302645.16,151.32
176,Exit long,2025-09-24 15:15,Stale,3720.25,144.4,524000.164,13203.94,2.52,23440.45,4.47,-398.54,-0.08,315849.1,157.92
176,Entry long,2025-09-11 09:45,Long,3628.81,144.4,524000.164,13203.94,2.52,23440.45,4.47,-398.54,-0.08,315849.1,157.92
177,Exit long,2025-10-06 10:30,Exit,3958.14,150.8,564097.56,32789.95,5.81,32789.95,5.81,-942.5,-0.17,348639.03,174.32
177,Entry long,2025-09-25 13:15,Long,3740.7,150.8,564097.56,32789.95,5.81,32789.95,5.81,-942.5,-0.17,348639.03,174.32
178,Exit long,2025-10-14 02:15,Exit,4092.95,157.8,647737.44,-1869.93,-0.29,11822.38,1.83,-1869.93,-0.29,346769.1,173.38
178,Entry long,2025-10-13 15:30,Long,4104.8,157.8,647737.44,-1869.93,-0.29,11822.38,1.83,-1869.93,-0.29,346769.1,173.38
179,Exit long,2025-10-21 10:30,Exit,4107.72,96.6,398660.472,-1854.72,-0.47,24580.84,6.17,-1854.72,-0.47,344914.38,172.46
179,Entry long,2025-10-14 09:45,Long,4126.92,96.6,398660.472,-1854.72,-0.47,24580.84,6.17,-1854.72,-0.47,344914.38,172.46
180,Exit long,2025-11-03 11:00,Exit,4006.48,124.9,502260.37,-1851.02,-0.37,312.25,0.06,-2244.45,-0.45,343063.38,171.53
180,Entry long,2025-11-03 10:45,Long,4021.3,124.9,502260.37,-1851.02,-0.37,312.25,0.06,-2244.45,-0.45,343063.38,171.53
181,Exit long,2025-11-03 14:00,Exit,3995.68,145.8,584410.14,-1840,-0.31,27.7,0.00,-1840,-0.31,341223.38,170.61
181,Entry long,2025-11-03 13:45,Long,4008.3,145.8,584410.14,-1840,-0.31,27.7,0.00,-1840,-0.31,341223.38,170.61
182,Exit long,2025-11-06 09:15,Exit,4002.95,210.6,844861.914,-1840.64,-0.22,930.85,0.11,-1840.64,-0.22,339382.72,169.69
182,Entry long,2025-11-06 08:15,Long,4011.69,210.6,844861.914,-1840.64,-0.22,930.85,0.11,-1840.64,-0.22,339382.72,169.69
183,Exit long,2025-11-06 16:45,Exit,3976.61,143,570492.78,-1837.55,-0.32,833.69,0.15,-1837.55,-0.32,337545.2,168.77
183,Entry long,2025-11-06 13:45,Long,3989.46,143,570492.78,-1837.55,-0.32,833.69,0.15,-1837.55,-0.32,337545.2,168.77
184,Exit long,2025-11-14 08:15,Exit,4076.07,160.6,656452.5,-1835.66,-0.28,25313.77,3.86,-1835.66,-0.28,335709.53,167.85
184,Entry long,2025-11-10 10:15,Long,4087.5,160.6,656452.5,-1835.66,-0.28,25313.77,3.86,-1835.66,-0.28,335709.53,167.85
185,Exit long,2025-12-08 22:30,Stale,4197.75,116.7,483227.859,6649.57,1.38,14449.79,2.99,-1542.77,-0.32,342359.1,171.18
185,Entry long,2025-11-25 11:30,Long,4140.77,116.7,483227.859,6649.57,1.38,14449.79,2.99,-1542.77,-0.32,342359.1,171.18
186,Exit long,2025-12-09 10:00,Exit,4196.04,189.5,797037,-1887.42,-0.24,841.38,0.11,-1887.42,-0.24,340471.66,170.24
186,Entry long,2025-12-09 09:45,Long,4206,189.5,797037,-1887.42,-0.24,841.38,0.11,-1887.42,-0.24,340471.66,170.24
187,Exit long,2025-12-10 04:00,Exit,4194.77,157.9,664170.033,-1815.85,-0.27,2374.82,0.36,-1815.85,-0.27,338655.8,169.33
187,Entry long,2025-12-09 10:30,Long,4206.27,157.9,664170.033,-1815.85,-0.27,2374.82,0.36,-1815.85,-0.27,338655.8,169.33
188,Exit long,2025-12-21 23:45,Exit,4399.37,190.5,803833.8,34246.18,4.26,34246.18,4.26,-312.42,-0.04,372902,186.45
188,Entry long,2025-12-11 08:45,Long,4219.6,190.5,803833.8,34246.18,4.26,34246.18,4.26,-312.42,-0.04,372902,186.45
189,Exit long,2025-12-24 10:30,Exit,4458.61,124.5,557051.595,-1954.65,-0.35,6405.53,1.15,-1954.65,-0.35,370947.34,185.47
189,Entry long,2025-12-23 12:00,Long,4474.31,124.5,557051.595,-1954.65,-0.35,6405.53,1.15,-1954.65,-0.35,370947.34,185.47
190,Exit long,2026-01-05 19:30,Exit,4432.51,155.9,692972.382,-1944.07,-0.28,2354.09,0.34,-1944.07,-0.28,369003.28,184.50
190,Entry long,2026-01-05 16:00,Long,4444.98,155.9,692972.382,-1944.07,-0.28,2354.09,0.34,-1944.07,-0.28,369003.28,184.50
191,Exit long,2026-01-18 18:15,Exit,4674.92,162.1,721622.191,36182.34,5.01,36182.34,5.01,-343.65,-0.05,405185.62,202.59
191,Entry long,2026-01-08 14:45,Long,4451.71,162.1,721622.191,36182.34,5.01,36182.34,5.01,-343.65,-0.05,405185.62,202.59
192,Exit long,2026-01-20 20:30,Exit,4832.68,234,1092431.34,38415.78,3.52,38415.78,3.52,-2117.7,-0.19,443601.4,221.80
192,Entry long,2026-01-19 10:15,Long,4668.51,234,1092431.34,38415.78,3.52,38415.78,3.52,-2117.7,-0.19,443601.4,221.80
193,Exit long,2026-01-22 08:30,Exit,4814.53,179.2,865070.08,-2306.3,-0.27,1422.85,0.16,-2306.3,-0.27,441295.1,220.65
193,Entry long,2026-01-22 08:15,Long,4827.4,179.2,865070.08,-2306.3,-0.27,1422.85,0.16,-2306.3,-0.27,441295.1,220.65
194,Exit long,2026-01-25 20:30,Exit,5077.99,164,792001.92,40788.44,5.15,40788.44,5.15,-339.48,-0.04,482083.53,241.04
194,Entry long,2026-01-22 09:30,Long,4829.28,164,792001.92,40788.44,5.15,40788.44,5.15,-339.48,-0.04,482083.53,241.04
195,Exit long,2026-01-26 11:30,Exit,5070.35,112.8,574269.312,-2333.83,-0.41,1581.46,0.28,-2333.83,-0.41,479749.7,239.87
195,Entry long,2026-01-26 11:00,Long,5091.04,112.8,574269.312,-2333.83,-0.41,1581.46,0.28,-2333.83,-0.41,479749.7,239.87
196,Exit long,2026-01-26 13:30,Exit,5065.74,97.7,497242.196,-2319.4,-0.47,1512.4,0.30,-2319.4,-0.47,477430.3,238.72
196,Entry long,2026-01-26 12:00,Long,5089.48,97.7,497242.196,-2319.4,-0.47,1512.4,0.30,-2319.4,-0.47,477430.3,238.72
197,Exit long,2026-01-27 10:00,Exit,5052.33,113.4,576001.692,-3067.47,-0.53,218.86,0.04,-3233.03,-0.56,474362.84,237.18
197,Entry long,2026-01-27 09:45,Long,5079.38,113.4,576001.692,-3067.47,-0.53,218.86,0.04,-3233.03,-0.56,474362.84,237.18
198,Exit long,2026-01-28 18:30,Exit,5527.51,96,487756.8,42884.16,8.79,42884.16,8.79,-444.48,-0.09,517247,258.62
198,Entry long,2026-01-27 10:45,Long,5080.8,96,487756.8,42884.16,8.79,42884.16,8.79,-444.48,-0.09,517247,258.62
199,Exit long,2026-01-29 09:45,Exit,5492.84,73.5,406163.205,-2439.46,-0.60,1737.54,0.43,-2439.46,-0.60,514807.53,257.40
199,Entry long,2026-01-29 08:45,Long,5526.03,73.5,406163.205,-2439.46,-0.60,1737.54,0.43,-2439.46,-0.60,514807.53,257.40
200,Exit long,2026-01-29 21:00,Exit,5283.32,34,182035.32,-2402.44,-1.32,3297.32,1.81,-2402.44,-1.32,512405.1,256.20
200,Entry long,2026-01-29 15:45,Long,5353.98,34,182035.32,-2402.44,-1.32,3297.32,1.81,-2402.44,-1.32,512405.1,256.20
201,Exit long,2026-02-12 11:00,Exit,5008.28,122.7,616884.066,-2368.11,-0.38,11207.42,1.82,-2368.11,-0.38,510036.97,255.02
201,Entry long,2026-02-10 15:00,Long,5027.58,122.7,616884.066,-2368.11,-0.38,11207.42,1.82,-2368.11,-0.38,510036.97,255.02
202,Exit long,2026-02-19 09:00,Exit,4978.41,157.3,785535.751,-2431.86,-0.31,729.87,0.09,-2431.86,-0.31,507605.12,253.80
202,Entry long,2026-02-19 08:45,Long,4993.87,157.3,785535.751,-2431.86,-0.31,729.87,0.09,-2431.86,-0.31,507605.12,253.80
203,Exit long,2026-03-01 18:00,Exit,5351.8,126.8,633054.072,45554.17,7.20,45554.17,7.20,-2180.96,-0.34,553159.3,276.58
203,Entry long,2026-02-19 09:45,Long,4992.54,126.8,633054.072,45554.17,7.20,45554.17,7.20,-2180.96,-0.34,553159.3,276.58
204,Exit long,2026-03-03 01:00,Exit,5297.17,76.5,407811.555,-2578.05,-0.63,3737.79,0.92,-2578.05,-0.63,550581.25,275.29
204,Entry long,2026-03-02 14:15,Long,5330.87,76.5,407811.555,-2578.05,-0.63,3737.79,0.92,-2578.05,-0.63,550581.25,275.29
205,Exit long,2026-03-12 09:15,Exit,5168.95,207.6,1075457.268,-2383.25,-0.22,1187.47,0.11,-2383.25,-0.22,548198,274.10
205,Entry long,2026-03-12 09:00,Long,5180.43,207.6,1075457.268,-2383.25,-0.22,1187.47,0.11,-2383.25,-0.22,548198,274.10
206,Exit long,2026-03-30 13:00,Exit,4522.77,97.7,444730.4,-2855.77,-0.64,474.82,0.11,-2855.77,-0.64,545342.25,272.67
206,Entry long,2026-03-30 11:45,Long,4552,97.7,444730.4,-2855.77,-0.64,474.82,0.11,-2855.77,-0.64,545342.25,272.67
207,Exit long,2026-04-05 18:45,Exit,4612.78,75.7,351738.536,-2551.09,-0.73,4030.27,1.15,-2551.09,-0.73,542791.1,271.40
207,Entry long,2026-04-02 10:00,Long,4646.48,75.7,351738.536,-2551.09,-0.73,4030.27,1.15,-2551.09,-0.73,542791.1,271.40
208,Exit long,2026-04-06 11:00,Exit,4664.14,115.1,539386.224,-2543.71,-0.47,1316.74,0.24,-2543.71,-0.47,540247.44,270.12
208,Entry long,2026-04-06 10:30,Long,4686.24,115.1,539386.224,-2543.71,-0.47,1316.74,0.24,-2543.71,-0.47,540247.44,270.12
209,Exit long,2026-04-20 18:00,Stale,4823.91,85.8,399257.43,14634.05,3.67,20256.52,5.07,-1091.38,-0.27,554881.44,277.44
209,Entry long,2026-04-07 11:30,Long,4653.35,85.8,399257.43,14634.05,3.67,20256.52,5.07,-1091.38,-0.27,554881.44,277.44