trade_id,entry_utc,exit_utc,entry_price,exit_price,exit_signal,entry_atr,hold_bars,mfe_price,mae_price,mfe_atr,mae_atr,mfe_R,mae_R,time_to_mfe_bars,time_to_mae_bars,net_pnl_pct,net_pnl_R,feed,panel_window,canonical_status,strategy
1,2022-01-11T15:15:00+00:00,2022-01-25T00:15:00+00:00,1806.263,1842.762,Stale,2.3625905517897308,850,41.68299999999999,0.5829999999998563,17.64292165158449,0.24676302864168187,6.794117647058823,0.08823529411764705,633,0,2.02,5.941176470588235,OANDA,2022-01-02_2026-04-19,PROXY,guardian
2,2022-02-01T14:30:00+00:00,2022-02-01T14:45:00+00:00,1804.938,1801.457,Exit,2.3158990406323388,1,1.09699999999998,4.444000000000187,0.47368213413156923,1.918909210647968,0.1764705882352941,0.6176470588235293,0,1,-0.19,-0.5588235294117647,OANDA,2022-01-02_2026-04-19,PROXY,guardian
3,2022-02-03T18:45:00+00:00,2022-02-04T13:30:00+00:00,1804.113,1800.306,Exit,2.3994800818049713,71,10.836999999999989,7.638000000000147,4.516395064987589,3.183189582575981,1.764705882352941,0.6176470588235293,70,71,-0.21,-0.6176470588235293,OANDA,2022-01-02_2026-04-19,PROXY,guardian
4,2022-02-07T15:30:00+00:00,2022-02-15T05:00:00+00:00,1815.353,1879.214,Exit,2.149101115091777,510,64.12300000000005,1.0030000000001564,29.837125647418265,0.46670675146772866,10.352941176470587,0.1764705882352941,510,3,3.52,10.352941176470587,OANDA,2022-01-02_2026-04-19,PROXY,guardian
5,2022-02-21T15:45:00+00:00,2022-02-22T11:45:00+00:00,1895.523,1891.946,Exit,2.207891016064114,66,18.797000000000025,4.052999999999884,8.513554275658226,1.835688433220288,2.911764705882353,0.5588235294117647,15,66,-0.19,-0.5588235294117647,OANDA,2022-01-02_2026-04-19,PROXY,guardian
6,2022-02-22T16:30:00+00:00,2022-02-23T04:45:00+00:00,1901.638,1896.515,Exit,3.273935458253193,45,4.122000000000071,5.222999999999956,1.2590352047438842,1.5953277230415184,0.6470588235294117,0.7941176470588235,7,45,-0.27,-0.7941176470588235,OANDA,2022-01-02_2026-04-19,PROXY,guardian
7,2022-03-01T14:15:00+00:00,2022-03-08T14:45:00+00:00,1918.008,2033.593,Exit,3.9115446848043747,462,123.48800000000006,4.258000000000038,31.570136595838473,1.0885725060336338,17.735294117647058,0.6470588235294117,462,76,6.03,17.735294117647058,OANDA,2022-01-02_2026-04-19,PROXY,guardian
8,2022-03-08T18:30:00+00:00,2022-03-09T09:45:00+00:00,2037.723,2018.637,Exit,12.686428662833585,57,21.516999999999825,23.03800000000001,1.6960643985676174,1.8159562956825348,3.1176470588235294,2.7647058823529407,35,57,-0.94,-2.7647058823529407,OANDA,2022-01-02_2026-04-19,PROXY,guardian
9,2022-03-10T14:15:00+00:00,2022-03-10T15:15:00+00:00,1999.843,1989.769,Exit,6.447315020855238,4,7.143000000000029,18.118000000000166,1.1079030537354615,2.810162050620075,1.0588235294117645,1.4705882352941175,2,4,-0.5,-1.4705882352941175,OANDA,2022-01-02_2026-04-19,PROXY,guardian
10,2022-03-10T16:45:00+00:00,2022-03-11T04:45:00+00:00,1996.853,1986.294,Exit,6.611239232482998,44,9.226999999999862,10.79300000000012,1.3956536249157114,1.6325229840376794,1.352941176470588,1.5588235294117647,5,44,-0.53,-1.5588235294117647,OANDA,2022-01-02_2026-04-19,PROXY,guardian
11,2022-04-04T14:30:00+00:00,2022-04-05T08:00:00+00:00,1931.673,1925.865,Exit,3.7498089711838687,66,4.7970000000000255,6.117999999999938,1.2792651670694424,1.6315497794727387,0.7352941176470588,0.8823529411764705,1,66,-0.3,-0.8823529411764705,OANDA,2022-01-02_2026-04-19,PROXY,guardian
12,2022-04-07T19:00:00+00:00,2022-04-07T19:45:00+00:00,1933.359,1929.668,Exit,2.327029552372332,3,0.16600000000016735,3.713999999999942,0.07133557879870313,1.596026142518748,0.029411764705882353,0.5588235294117647,0,3,-0.19,-0.5588235294117647,OANDA,2022-01-02_2026-04-19,PROXY,guardian
13,2022-04-07T20:00:00+00:00,2022-04-25T02:00:00+00:00,1932.449,1924.955,Exit,2.3544996888095193,940,66.01099999999997,8.774000000000115,28.036104788519385,3.7264816987240375,10.058823529411764,1.1470588235294117,522,940,-0.39,-1.1470588235294117,OANDA,2022-01-02_2026-04-19,PROXY,guardian
14,2022-05-23T18:30:00+00:00,2022-05-24T01:00:00+00:00,1855.288,1851.618,Exit,2.309176077122626,22,3.61200000000008,5.258000000000038,1.5641942750857059,2.277002629678992,0.5588235294117647,0.5882352941176471,1,22,-0.2,-0.5882352941176471,OANDA,2022-01-02_2026-04-19,PROXY,guardian
15,2022-05-30T15:00:00+00:00,2022-05-30T15:45:00+00:00,1858.688,1855.568,Exit,1.9839023191225005,3,0.057999999999992724,3.6030000000000655,0.02923531034816608,1.8161176411113364,0.0,0.5,0,3,-0.17,-0.5,OANDA,2022-01-02_2026-04-19,PROXY,guardian
16,2022-06-07T17:45:00+00:00,2022-06-08T03:15:00+00:00,1851.373,1847.567,Exit,2.360885588411863,34,4.261999999999944,3.9529999999999745,1.8052547827474077,1.674371693148886,0.676470588235294,0.6176470588235293,6,34,-0.21,-0.6176470588235293,OANDA,2022-01-02_2026-04-19,PROXY,guardian
17,2022-06-20T18:30:00+00:00,2022-06-21T05:30:00+00:00,1838.438,1835.966,Exit,1.480016602406837,31,4.031999999999925,2.8330000000000837,2.724293763626026,1.9141677163573665,0.6470588235294117,0.38235294117647056,14,31,-0.13,-0.38235294117647056,OANDA,2022-01-02_2026-04-19,PROXY,guardian
18,2022-06-21T14:00:00+00:00,2022-06-21T15:45:00+00:00,1838.628,1834.513,Exit,2.7592381681816107,7,5.037000000000035,4.337999999999965,1.8255038865744275,1.572173091117679,0.7941176470588235,0.6470588235294117,2,7,-0.22,-0.6470588235294117,OANDA,2022-01-02_2026-04-19,PROXY,guardian
19,2022-07-25T17:30:00+00:00,2022-07-25T18:45:00+00:00,1721.043,1717.629,Exit,2.1972545228239166,5,0.47200000000020736,4.8279999999999745,0.21481352983795063,2.1972875467312805,0.08823529411764705,0.5882352941176471,0,5,-0.2,-0.5882352941176471,OANDA,2022-01-02_2026-04-19,PROXY,guardian
20,2022-07-26T13:45:00+00:00,2022-07-26T14:45:00+00:00,1721.408,1717.679,Exit,2.420388054979215,4,0.4170000000001437,6.957999999999856,0.17228642289086354,2.8747456366287545,0.058823529411764705,0.6470588235294117,1,4,-0.22,-0.6470588235294117,OANDA,2022-01-02_2026-04-19,PROXY,guardian
21,2022-07-28T12:45:00+00:00,2022-07-28T13:00:00+00:00,1748.053,1743.353,Exit,3.2230344709832037,1,1.8519999999998618,6.913000000000011,0.5746137736574997,2.1448731194895236,0.32352941176470584,0.7941176470588235,0,1,-0.27,-0.7941176470588235,OANDA,2022-01-02_2026-04-19,PROXY,guardian
22,2022-07-28T19:00:00+00:00,2022-08-11T01:30:00+00:00,1753.508,1788.892,Stale,2.6129130091145742,850,54.452,1.0930000000000746,20.83957629284103,0.4183070757378388,9.147058823529411,0.1764705882352941,802,72,2.02,5.941176470588235,OANDA,2022-01-02_2026-04-19,PROXY,guardian
23,2022-08-11T17:30:00+00:00,2022-08-11T18:15:00+00:00,1791.438,1787.753,Exit,2.3130434464841008,3,0.15199999999981628,3.8680000000001655,0.0657142866169942,1.6722556620713926,0.029411764705882353,0.6176470588235293,0,3,-0.21,-0.6176470588235293,OANDA,2022-01-02_2026-04-19,PROXY,guardian
24,2022-09-12T14:30:00+00:00,2022-09-13T01:00:00+00:00,1728.213,1723.623,Exit,2.9632968414327547,38,6.967000000000098,5.357999999999947,2.351097568960237,1.808121253694366,1.1764705882352942,0.7941176470588235,5,38,-0.27,-0.7941176470588235,OANDA,2022-01-02_2026-04-19,PROXY,guardian
25,2022-09-29T13:15:00+00:00,2022-09-29T14:15:00+00:00,1654.588,1649.3,Exit,3.418836131238637,4,3.616999999999962,10.018000000000029,1.0579623770062154,2.930236962357868,0.6470588235294117,0.9411764705882353,1,4,-0.32,-0.9411764705882353,OANDA,2022-01-02_2026-04-19,PROXY,guardian
26,2022-09-29T15:00:00+00:00,2022-10-12T20:30:00+00:00,1653.363,1673.152,Stale,4.3631376069828685,850,76.22699999999986,0.3630000000000564,17.470684371266305,0.08319700928503897,13.558823529411764,0.058823529411764705,282,0,1.2,3.529411764705882,OANDA,2022-01-02_2026-04-19,PROXY,guardian
27,2022-10-24T16:00:00+00:00,2022-10-25T07:15:00+00:00,1651.898,1646.734,Exit,3.1902923746123872,57,3.0720000000001164,5.782999999999902,0.9629211493110743,1.8126865255421996,0.5588235294117647,0.9117647058823529,32,57,-0.31,-0.9117647058823529,OANDA,2022-01-02_2026-04-19,PROXY,guardian
28,2022-10-25T13:15:00+00:00,2022-10-28T12:30:00+00:00,1646.153,1642.394,Exit,2.8324930778085986,273,28.85200000000009,5.847999999999956,10.186079615178398,2.0646122830154807,5.147058823529411,0.676470588235294,75,273,-0.23,-0.676470588235294,OANDA,2022-01-02_2026-04-19,PROXY,guardian
29,2022-11-01T20:00:00+00:00,2022-11-02T18:45:00+00:00,1648.213,1644.868,Exit,2.1102055850823365,87,21.322000000000116,3.397999999999911,10.104228777864869,1.6102696457735548,3.7941176470588234,0.5882352941176471,86,87,-0.2,-0.5882352941176471,OANDA,2022-01-02_2026-04-19,PROXY,guardian
30,2022-11-07T15:45:00+00:00,2022-11-08T00:00:00+00:00,1677.368,1673.259,Exit,2.633305830378507,29,2.9020000000000437,4.782999999999902,1.1020368263047196,1.8163480841541302,0.5,0.7058823529411764,2,29,-0.24,-0.7058823529411764,OANDA,2022-01-02_2026-04-19,PROXY,guardian
31,2022-11-15T18:30:00+00:00,2022-11-17T02:00:00+00:00,1773.903,1768.623,Exit,4.292246389982136,118,12.032999999999902,5.867999999999938,2.8034271350508333,1.3671162992170076,2.0,0.8823529411764705,0,118,-0.3,-0.8823529411764705,OANDA,2022-01-02_2026-04-19,PROXY,guardian
32,2022-11-24T14:00:00+00:00,2022-11-24T18:15:00+00:00,1757.038,1754.774,Exit,1.4647558085230616,17,1.5270000000000437,2.38799999999992,1.0424945858653012,1.6303058749483856,0.2647058823529411,0.38235294117647056,6,17,-0.13,-0.38235294117647056,OANDA,2022-01-02_2026-04-19,PROXY,guardian
33,2022-11-24T23:00:00+00:00,2022-11-25T00:00:00+00:00,1755.793,1754.319,Exit,0.9474640562579755,4,0.36200000000008004,1.9129999999997835,0.38207254154823017,2.019073955750055,0.058823529411764705,0.23529411764705882,2,4,-0.08,-0.23529411764705882,OANDA,2022-01-02_2026-04-19,PROXY,guardian
34,2022-11-29T15:15:00+00:00,2022-11-29T18:45:00+00:00,1753.408,1749.341,Exit,2.7390708146387137,14,4.682000000000016,4.487999999999829,1.7093387929138215,1.6385118544632447,0.7941176470588235,0.676470588235294,1,14,-0.23,-0.676470588235294,OANDA,2022-01-02_2026-04-19,PROXY,guardian
35,2022-11-29T19:15:00+00:00,2022-11-29T20:45:00+00:00,1752.173,1748.697,Exit,2.1858757051803845,6,0.30199999999990723,4.222999999999956,0.13815973126202313,1.9319488248996586,0.058823529411764705,0.5882352941176471,0,6,-0.2,-0.5882352941176471,OANDA,2022-01-02_2026-04-19,PROXY,guardian
36,2022-12-08T16:45:00+00:00,2022-12-12T14:30:00+00:00,1789.863,1785.38,Exit,2.7497788927665807,175,16.297000000000025,4.65300000000002,5.926658337101223,1.6921360521894868,2.676470588235294,0.7352941176470588,92,175,-0.25,-0.7352941176470588,OANDA,2022-01-02_2026-04-19,PROXY,guardian
37,2022-12-19T15:30:00+00:00,2022-12-19T15:45:00+00:00,1793.473,1789.937,Exit,2.2898778534004745,1,-0.052999999999883585,7.627999999999929,-0.023145339355624777,3.3311820491526785,0.0,0.6176470588235293,0,1,-0.2,-0.5882352941176471,OANDA,2022-01-02_2026-04-19,PROXY,guardian
38,2022-12-27T14:45:00+00:00,2022-12-28T08:15:00+00:00,1808.283,1805.061,Exit,2.092146725610697,66,25.162000000000035,3.612999999999829,12.026881141739834,1.7269343281576943,4.088235294117647,0.5294117647058822,3,66,-0.18,-0.5294117647058822,OANDA,2022-01-02_2026-04-19,PROXY,guardian
39,2022-12-29T13:30:00+00:00,2023-01-04T07:30:00+00:00,1808.083,1855.771,Exit,1.8966921759485318,252,50.281999999999925,1.1280000000001564,26.510364010361357,0.594719593566123,7.764705882352941,0.1764705882352941,252,0,2.64,7.764705882352941,OANDA,2022-01-02_2026-04-19,PROXY,guardian
40,2023-01-09T16:30:00+00:00,2023-01-09T17:00:00+00:00,1875.933,1871.957,Exit,2.558848077846101,2,2.602000000000089,4.623000000000047,1.0168638077921028,1.8066723226067556,0.411764705882353,0.6176470588235293,1,2,-0.21,-0.6176470588235293,OANDA,2022-01-02_2026-04-19,PROXY,guardian
41,2023-01-09T19:45:00+00:00,2023-01-09T20:30:00+00:00,1874.118,1870.263,Exit,2.4400813529632055,3,1.637000000000171,4.842999999999847,0.6708792713047119,1.9847698906098217,0.2647058823529411,0.6176470588235293,0,3,-0.21,-0.6176470588235293,OANDA,2022-01-02_2026-04-19,PROXY,guardian
42,2023-01-10T14:15:00+00:00,2023-01-10T16:30:00+00:00,1876.568,1873.032,Exit,2.296368683225439,9,4.227000000000089,3.63799999999992,1.8407322965504473,1.5842403820322306,0.676470588235294,0.5588235294117647,4,9,-0.19,-0.5588235294117647,OANDA,2022-01-02_2026-04-19,PROXY,guardian
43,2023-01-12T15:30:00+00:00,2023-01-26T00:15:00+00:00,1887.213,1948.402,Stale,5.536900841857107,850,62.047000000000025,1.6879999999998745,11.206088346561236,0.30486368606046954,9.676470588235293,0.2647058823529411,849,0,3.24,9.529411764705882,OANDA,2022-01-02_2026-04-19,PROXY,guardian
44,2023-01-26T14:15:00+00:00,2023-01-26T14:30:00+00:00,1939.933,1935.411,Exit,3.162026971969065,1,2.507000000000062,5.242999999999938,0.7928458619184064,1.6581136234695066,0.38235294117647056,0.676470588235294,0,1,-0.23,-0.676470588235294,OANDA,2022-01-02_2026-04-19,PROXY,guardian
45,2023-01-26T18:45:00+00:00,2023-01-27T02:45:00+00:00,1932.668,1927.31,Exit,3.4539576647967194,28,2.23700000000008,6.9129999999997835,0.6476628311921528,2.0014721287577344,0.3529411764705882,0.823529411764706,20,28,-0.28,-0.823529411764706,OANDA,2022-01-02_2026-04-19,PROXY,guardian
46,2023-02-09T13:45:00+00:00,2023-02-09T14:30:00+00:00,1883.868,1880.203,Exit,2.6476234580123807,3,6.382000000000062,3.8079999999999927,2.4104636105585593,1.438270985428845,1.0,0.5588235294117647,1,3,-0.19,-0.5588235294117647,OANDA,2022-01-02_2026-04-19,PROXY,guardian
47,2023-02-20T23:00:00+00:00,2023-02-20T23:45:00+00:00,1843.763,1841.769,Exit,1.3193031116403677,3,-0.8679999999999382,2.26299999999992,-0.6579231052678276,1.7152995244483262,0.0,0.32352941176470584,1,3,-0.11,-0.32352941176470584,OANDA,2022-01-02_2026-04-19,PROXY,guardian
48,2023-03-02T13:30:00+00:00,2023-03-02T13:45:00+00:00,1834.578,1831.256,Exit,2.258990097527125,1,-0.012999999999919964,4.417999999999893,-0.0057547839692395405,1.955741198173554,0.0,0.6176470588235293,0,1,-0.18,-0.5294117647058822,OANDA,2022-01-02_2026-04-19,PROXY,guardian
49,2023-03-02T14:15:00+00:00,2023-03-07T14:30:00+00:00,1833.773,1830.149,Exit,2.286931940330551,277,24.537000000000035,3.7079999999998563,10.729221787183349,1.6213862488027981,3.941176470588235,0.5882352941176471,157,277,-0.2,-0.5882352941176471,OANDA,2022-01-02_2026-04-19,PROXY,guardian
50,2023-03-14T14:15:00+00:00,2023-03-15T05:30:00+00:00,1905.973,1899.278,Exit,4.405798705371715,57,4.366999999999962,6.758000000000038,0.9911937181050855,1.5338875994857486,0.676470588235294,1.0294117647058822,12,57,-0.35,-1.0294117647058822,OANDA,2022-01-02_2026-04-19,PROXY,guardian
51,2023-03-16T14:15:00+00:00,2023-03-16T14:45:00+00:00,1928.638,1922.447,Exit,3.9905203205909676,2,3.772000000000162,8.852999999999838,0.9452401433809904,2.2185076854059904,0.5882352941176471,0.9411764705882353,2,2,-0.32,-0.9411764705882353,OANDA,2022-01-02_2026-04-19,PROXY,guardian
52,2023-03-16T19:45:00+00:00,2023-03-30T02:15:00+00:00,1920.103,1958.597,Stale,3.498562861046506,850,89.74699999999984,1.7980000000000018,25.652533215639956,0.5139253091659973,13.735294117647058,0.2647058823529411,135,17,2.0,5.88235294117647,OANDA,2022-01-02_2026-04-19,PROXY,guardian
53,2023-03-30T14:30:00+00:00,2023-04-02T22:00:00+00:00,1969.023,1964.267,Exit,3.0948889298561495,118,18.62200000000007,8.27800000000002,6.017017224868752,2.67473249852129,2.7941176470588234,0.7058823529411764,84,118,-0.24,-0.7058823529411764,OANDA,2022-01-02_2026-04-19,PROXY,guardian
54,2023-04-03T19:15:00+00:00,2023-04-04T01:45:00+00:00,1984.323,1980.065,Exit,2.6547504175816754,22,1.796999999999798,6.408000000000129,0.6768997899383556,2.4137862292295815,0.2647058823529411,0.6176470588235293,1,22,-0.21,-0.6176470588235293,OANDA,2022-01-02_2026-04-19,PROXY,guardian
55,2023-04-11T14:00:00+00:00,2023-04-14T15:00:00+00:00,2001.528,1997.772,Exit,2.490365206276381,280,47.24199999999996,7.647999999999911,18.969908461994887,3.0710355174915396,6.941176470588235,0.5588235294117647,184,280,-0.19,-0.5588235294117647,OANDA,2022-01-02_2026-04-19,PROXY,guardian
56,2023-04-20T12:45:00+00:00,2023-04-20T14:45:00+00:00,2006.543,2001.537,Exit,3.201730936736194,8,5.902000000000044,5.482999999999947,1.8433778842192379,1.712511172343936,0.8529411764705881,0.7352941176470588,5,8,-0.25,-0.7352941176470588,OANDA,2022-01-02_2026-04-19,PROXY,guardian
57,2023-04-20T15:30:00+00:00,2023-04-21T05:30:00+00:00,2003.393,1997.284,Exit,3.7615109916974623,52,5.0219999999999345,8.607999999999947,1.3351017745487563,2.2884420699553516,0.7352941176470588,0.8823529411764705,7,52,-0.3,-0.8823529411764705,OANDA,2022-01-02_2026-04-19,PROXY,guardian
58,2023-05-02T13:30:00+00:00,2023-05-03T22:00:00+00:00,1987.283,2048.886,Exit,2.227593668869739,122,79.7170000000001,1.4029999999997926,35.78614947332284,0.6298276115642142,9.117647058823529,0.2058823529411765,122,0,3.1,9.117647058823529,OANDA,2022-01-02_2026-04-19,PROXY,guardian
59,2023-05-04T13:45:00+00:00,2023-05-05T11:45:00+00:00,2040.808,2035.122,Exit,3.7569287729408556,84,18.83699999999999,5.982999999999947,5.0139358871195014,1.5925242030384739,2.705882352941176,0.823529411764706,3,84,-0.28,-0.823529411764706,OANDA,2022-01-02_2026-04-19,PROXY,guardian
60,2023-05-08T15:30:00+00:00,2023-05-08T17:45:00+00:00,2027.058,2023.193,Exit,2.527376668232953,9,2.3420000000000982,4.167999999999893,0.9266525363777838,1.649140807695278,0.3529411764705882,0.5588235294117647,3,9,-0.19,-0.5588235294117647,OANDA,2022-01-02_2026-04-19,PROXY,guardian
61,2023-05-09T14:00:00+00:00,2023-05-09T14:15:00+00:00,2030.383,2026.892,Exit,2.2605946828772403,1,0.06199999999989814,4.458000000000084,0.027426411496724288,1.972047458912904,0.0,0.5,0,1,-0.17,-0.5,OANDA,2022-01-02_2026-04-19,PROXY,guardian
62,2023-06-01T12:45:00+00:00,2023-06-02T16:00:00+00:00,1964.698,1960.462,Exit,2.796610126613419,105,18.807000000000016,9.03300000000013,6.724927375835017,3.2299818677045,2.8235294117647056,0.6470588235294117,54,105,-0.22,-0.6470588235294117,OANDA,2022-01-02_2026-04-19,PROXY,guardian
63,2023-06-06T13:15:00+00:00,2023-06-06T13:30:00+00:00,1963.828,1960.461,Exit,2.14909159137965,1,0.9120000000000346,5.867999999999938,0.4243653475069245,2.730455985932579,0.14705882352941177,0.5,1,1,-0.17,-0.5,OANDA,2022-01-02_2026-04-19,PROXY,guardian
64,2023-06-06T15:45:00+00:00,2023-06-07T06:30:00+00:00,1963.443,1959.019,Exit,2.7613272202416446,55,3.34699999999998,5.802999999999884,1.2120982893534376,2.1015256567427243,0.5,0.676470588235294,35,55,-0.23,-0.676470588235294,OANDA,2022-01-02_2026-04-19,PROXY,guardian
65,2023-07-04T13:30:00+00:00,2023-07-04T16:00:00+00:00,1927.923,1925.861,Exit,1.3098333467983823,10,1.6920000000000073,2.163000000000011,1.291767387153299,1.6513551172651229,0.2647058823529411,0.32352941176470584,3,10,-0.11,-0.32352941176470584,OANDA,2022-01-02_2026-04-19,PROXY,guardian
66,2023-07-10T15:00:00+00:00,2023-07-21T20:30:00+00:00,1922.093,1962.182,Stale,2.5724407246969334,850,65.4369999999999,0.5679999999999836,25.437709554108082,0.22080197788304776,9.999999999999998,0.08823529411764705,689,0,2.09,6.147058823529411,OANDA,2022-01-02_2026-04-19,PROXY,guardian
67,2023-08-22T15:45:00+00:00,2023-09-05T00:45:00+00:00,1897.963,1937.507,Stale,2.258585688727633,850,55.0920000000001,1.538000000000011,24.392255859478148,0.6809571174013939,8.529411764705882,0.23529411764705882,723,10,2.08,6.117647058823529,OANDA,2022-01-02_2026-04-19,PROXY,guardian
68,2023-09-18T14:30:00+00:00,2023-09-21T08:45:00+00:00,1926.453,1923.511,Exit,1.8783614776715098,253,21.011999999999944,3.538000000000011,11.186345253442505,1.883556515642481,3.2058823529411766,0.4411764705882352,195,253,-0.15,-0.4411764705882352,OANDA,2022-01-02_2026-04-19,PROXY,guardian
69,2023-10-09T14:30:00+00:00,2023-10-13T12:30:00+00:00,1850.623,1916.949,Exit,2.2870233942992213,360,68.60199999999986,1.893000000000029,29.99619512900547,0.8277134395383275,10.529411764705882,0.29411764705882354,360,7,3.58,10.529411764705882,OANDA,2022-01-02_2026-04-19,PROXY,guardian
70,2023-10-16T15:00:00+00:00,2023-10-17T01:30:00+00:00,1918.208,1913.802,Exit,2.8872272786834245,38,4.6319999999998345,4.833000000000084,1.6043073692875423,1.6739243341466112,0.7058823529411764,0.676470588235294,8,38,-0.23,-0.676470588235294,OANDA,2022-01-02_2026-04-19,PROXY,guardian
71,2023-10-17T15:15:00+00:00,2023-10-17T17:30:00+00:00,1926.128,1920.882,Exit,3.3294530211358078,9,0.8420000000000982,5.717999999999847,0.25289439275910214,1.7173992135348441,0.11764705882352941,0.7941176470588235,2,9,-0.27,-0.7941176470588235,OANDA,2022-01-02_2026-04-19,PROXY,guardian
72,2023-10-17T19:15:00+00:00,2023-10-20T15:00:00+00:00,1923.968,1993.215,Exit,2.3130692698861823,259,69.96699999999987,1.768000000000029,30.248553690500888,0.7643523793332078,10.588235294117647,0.2647058823529411,259,3,3.6,10.588235294117647,OANDA,2022-01-02_2026-04-19,PROXY,guardian
73,2023-10-23T14:45:00+00:00,2023-10-23T19:30:00+00:00,1977.163,1972.201,Exit,3.148177046411949,19,2.231999999999971,5.928000000000111,0.7089817272328548,1.8829944798550613,0.32352941176470584,0.7352941176470588,7,19,-0.25,-0.7352941176470588,OANDA,2022-01-02_2026-04-19,PROXY,guardian
74,2023-10-24T15:45:00+00:00,2023-11-06T23:15:00+00:00,1965.298,1977.412,Stale,3.3299565277825494,850,44.26700000000005,2.26299999999992,13.293566937186979,0.6795884514164735,6.617647058823529,0.3529411764705882,289,89,0.62,1.8235294117647058,OANDA,2022-01-02_2026-04-19,PROXY,guardian
75,2023-11-16T13:30:00+00:00,2023-11-21T14:45:00+00:00,1965.588,2006.903,Exit,1.8576064535288466,281,41.74700000000007,0.09300000000007458,22.473543801860927,0.05006442555332692,6.176470588235294,-0.0,281,188,2.1,6.176470588235294,OANDA,2022-01-02_2026-04-19,PROXY,guardian
76,2023-11-21T19:30:00+00:00,2023-11-22T01:15:00+00:00,2000.148,1996.326,Exit,2.3538182535739685,19,0.6020000000000891,4.24799999999982,0.2557546654615453,1.80472727388777,0.08823529411764705,0.5588235294117647,0,19,-0.19,-0.5588235294117647,OANDA,2022-01-02_2026-04-19,PROXY,guardian
77,2023-11-23T14:45:00+00:00,2023-11-23T15:30:00+00:00,1993.873,1991.927,Exit,1.2824498765433998,3,1.071999999999889,2.0030000000001564,0.8359001155579363,1.5618544136780321,0.14705882352941177,0.29411764705882354,0,3,-0.1,-0.29411764705882354,OANDA,2022-01-02_2026-04-19,PROXY,guardian
78,2023-11-27T15:30:00+00:00,2023-11-27T15:45:00+00:00,2013.818,2010.189,Exit,2.518212667485543,1,0.3869999999999436,5.042999999999893,0.15368042778784305,2.0026108458247776,0.058823529411764705,0.6470588235294117,0,1,-0.18,-0.5294117647058822,OANDA,2022-01-02_2026-04-19,PROXY,guardian
79,2023-11-27T18:30:00+00:00,2023-12-03T23:00:00+00:00,2012.133,2076.493,Exit,2.1487135931198296,382,65.62700000000018,0.44800000000009277,30.542460479673753,0.20849684268512406,9.411764705882353,0.058823529411764705,382,71,3.2,9.411764705882353,OANDA,2022-01-02_2026-04-19,PROXY,guardian
80,2023-12-14T14:00:00+00:00,2023-12-14T18:00:00+00:00,2037.293,2032.313,Exit,3.2292168103553096,16,10.642000000000053,6.097999999999956,3.2955359224793326,1.888383579710461,1.5294117647058822,0.7058823529411764,3,16,-0.24,-0.7058823529411764,OANDA,2022-01-02_2026-04-19,PROXY,guardian
81,2023-12-14T20:45:00+00:00,2023-12-15T00:15:00+00:00,2036.293,2032.021,Exit,2.635905494666332,10,2.4670000000000982,4.752999999999929,0.9359212631074944,1.803175420976764,0.3529411764705882,0.6176470588235293,6,10,-0.21,-0.6176470588235293,OANDA,2022-01-02_2026-04-19,PROXY,guardian
82,2023-12-18T15:45:00+00:00,2024-01-02T21:15:00+00:00,2023.603,2058.917,Stale,2.3210660270896213,850,64.94200000000001,2.3630000000000564,27.979385007599554,1.0180666867814252,9.441176470588234,0.3529411764705882,592,1,1.75,5.147058823529411,OANDA,2022-01-02_2026-04-19,PROXY,guardian
83,2024-01-15T16:00:00+00:00,2024-01-16T01:00:00+00:00,2053.278,2050.745,Exit,1.6216327144237181,22,3.1270000000004075,3.26299999999992,1.9283034759887991,2.012169568964016,0.4411764705882352,0.3529411764705882,6,22,-0.12,-0.3529411764705882,OANDA,2022-01-02_2026-04-19,PROXY,guardian
84,2024-01-23T16:15:00+00:00,2024-01-24T15:00:00+00:00,2026.233,2022.303,Exit,2.546658271678194,87,10.501999999999953,7.032999999999902,4.123835583593772,2.7616583183598102,1.5294117647058822,0.5588235294117647,81,87,-0.19,-0.5588235294117647,OANDA,2022-01-02_2026-04-19,PROXY,guardian
85,2024-01-30T19:30:00+00:00,2024-01-31T20:00:00+00:00,2035.763,2032.384,Exit,2.123084991258249,94,20.307000000000244,4.822999999999865,9.564854955695992,2.2716942655892023,2.941176470588235,0.5,74,94,-0.17,-0.5,OANDA,2022-01-02_2026-04-19,PROXY,guardian
86,2024-02-01T13:45:00+00:00,2024-02-02T13:30:00+00:00,2041.318,2036.709,Exit,2.9277932316320516,91,24.212000000000216,8.27299999999991,8.269709670209062,2.8256776846868585,3.4999999999999996,0.676470588235294,12,91,-0.23,-0.676470588235294,OANDA,2022-01-02_2026-04-19,PROXY,guardian
87,2024-02-20T15:00:00+00:00,2024-02-20T19:45:00+00:00,2028.203,2025.301,Exit,1.9268634035754435,19,1.8820000000000618,3.3730000000000473,0.976716873914293,1.7505132920897173,0.2647058823529411,0.411764705882353,2,19,-0.14,-0.411764705882353,OANDA,2022-01-02_2026-04-19,PROXY,guardian
88,2024-02-22T21:00:00+00:00,2024-02-23T06:00:00+00:00,2024.703,2022.227,Exit,1.5236164826123946,32,2.757000000000062,2.8430000000000746,1.8095104847336034,1.8659551353274044,0.411764705882353,0.3529411764705882,16,32,-0.12,-0.3529411764705882,OANDA,2022-01-02_2026-04-19,PROXY,guardian
89,2024-02-26T18:15:00+00:00,2024-02-28T08:45:00+00:00,2030.078,2027.147,Exit,1.8242652967913726,146,9.432000000000016,3.3530000000000655,5.170300622716216,1.8380002107684246,1.352941176470588,0.411764705882353,54,146,-0.14,-0.411764705882353,OANDA,2022-01-02_2026-04-19,PROXY,guardian
90,2024-02-29T13:45:00+00:00,2024-03-01T08:30:00+00:00,2043.923,2040.555,Exit,2.3618424677306717,71,6.821999999999889,4.357999999999947,2.8884229550477465,1.8451696332597673,0.9705882352941176,0.47058823529411764,5,71,-0.16,-0.47058823529411764,OANDA,2022-01-02_2026-04-19,PROXY,guardian
91,2024-03-05T16:15:00+00:00,2024-03-18T20:45:00+00:00,2127.128,2159.627,Stale,5.136883461484127,850,68.10699999999997,3.4030000000002474,13.258428093738141,0.6624639288618526,9.411764705882353,0.47058823529411764,281,2,1.53,4.5,OANDA,2022-01-02_2026-04-19,PROXY,guardian
92,2024-03-21T13:00:00+00:00,2024-03-21T13:15:00+00:00,2207.778,2202.967,Exit,3.270308858478534,1,0.4270000000001346,7.382999999999811,0.13056870726234415,2.257584931422853,0.058823529411764705,0.676470588235294,0,1,-0.22,-0.6470588235294117,OANDA,2022-01-02_2026-04-19,PROXY,guardian
93,2024-04-01T20:00:00+00:00,2024-04-08T02:30:00+00:00,2244.833,2334.14,Exit,3.0946701741652305,390,109.32200000000012,1.693000000000211,35.32589705766919,0.5470696083006287,11.705882352941176,0.23529411764705882,390,0,3.98,11.705882352941176,OANDA,2022-01-02_2026-04-19,PROXY,guardian
94,2024-04-08T17:30:00+00:00,2024-04-10T13:00:00+00:00,2332.198,2325.038,Exit,4.793989483315259,166,33.197000000000116,10.197999999999865,6.924712729457825,2.127247052896639,4.1764705882352935,0.9117647058823529,59,166,-0.31,-0.9117647058823529,OANDA,2022-01-02_2026-04-19,PROXY,guardian
95,2024-04-11T12:45:00+00:00,2024-04-11T14:30:00+00:00,2339.843,2333.579,Exit,3.9636539151338095,7,7.682000000000244,7.4529999999999745,1.9381106838488713,1.880335710326104,0.9705882352941176,0.7941176470588235,4,7,-0.27,-0.7941176470588235,OANDA,2022-01-02_2026-04-19,PROXY,guardian
96,2024-04-11T15:00:00+00:00,2024-04-15T14:00:00+00:00,2339.023,2331.76,Exit,4.592277108347288,180,92.56700000000001,14.768000000000029,20.157102416956256,3.2158338121966854,11.647058823529411,0.9117647058823529,92,180,-0.31,-0.9117647058823529,OANDA,2022-01-02_2026-04-19,PROXY,guardian
97,2024-04-16T13:30:00+00:00,2024-04-16T13:45:00+00:00,2378.653,2371.804,Exit,4.738756587426646,1,-0.11299999999982901,13.362999999999829,-0.023845917787727728,2.8199380477688827,0.0,1.1176470588235294,0,1,-0.29,-0.8529411764705881,OANDA,2022-01-02_2026-04-19,PROXY,guardian
98,2024-04-16T14:45:00+00:00,2024-04-17T16:45:00+00:00,2373.493,2364.511,Exit,6.108063845450203,100,24.88700000000017,12.447999999999865,4.074449879651813,2.0379616708283392,3.088235294117647,1.1176470588235294,8,100,-0.38,-1.1176470588235294,OANDA,2022-01-02_2026-04-19,PROXY,guardian
99,2024-04-18T14:15:00+00:00,2024-04-18T14:30:00+00:00,2382.343,2374.4,Exit,5.365085443192484,1,2.4770000000003165,12.712999999999738,0.46168882606394845,2.369580155732784,0.29411764705882354,0.9705882352941176,0,1,-0.33,-0.9705882352941176,OANDA,2022-01-02_2026-04-19,PROXY,guardian
100,2024-04-18T15:15:00+00:00,2024-04-22T03:00:00+00:00,2380.963,2372.064,Exit,5.591716481232287,135,36.95699999999988,15.118000000000393,6.609240673063488,2.70364208391852,4.5588235294117645,1.088235294117647,38,135,-0.37,-1.088235294117647,OANDA,2022-01-02_2026-04-19,PROXY,guardian
101,2024-04-29T14:30:00+00:00,2024-04-30T00:00:00+00:00,2338.908,2332.487,Exit,4.1119397930078145,34,7.9220000000000255,7.0779999999999745,1.926584628858395,1.7213287052587258,1.0,0.7941176470588235,7,34,-0.27,-0.7941176470588235,OANDA,2022-01-02_2026-04-19,PROXY,guardian
102,2024-05-06T15:15:00+00:00,2024-05-07T08:00:00+00:00,2323.198,2316.104,Exit,4.47965566540777,63,6.782000000000153,11.478000000000065,1.5139556489511583,2.562250507027588,0.8529411764705881,0.9117647058823529,35,63,-0.31,-0.9117647058823529,OANDA,2022-01-02_2026-04-19,PROXY,guardian
103,2024-05-07T17:30:00+00:00,2024-05-08T01:30:00+00:00,2315.963,2310.698,Exit,3.3285515356538657,28,1.5769999999997708,8.893000000000029,0.4737796555371592,2.6717327055755122,0.2058823529411765,0.676470588235294,1,28,-0.23,-0.676470588235294,OANDA,2022-01-02_2026-04-19,PROXY,guardian
104,2024-05-09T13:30:00+00:00,2024-05-20T01:00:00+00:00,2317.568,2440.155,Exit,4.232772276526076,594,123.1319999999996,0.07800000000042928,29.090154621088335,0.018427639122708842,15.558823529411764,-0.0,594,0,5.29,15.558823529411764,OANDA,2022-01-02_2026-04-19,PROXY,guardian
105,2024-05-21T19:15:00+00:00,2024-05-22T02:45:00+00:00,2423.438,2418.136,Exit,3.311089973711004,26,3.17699999999968,7.407999999999902,0.9595027695484097,2.2373297188590624,0.38235294117647056,0.6470588235294117,23,26,-0.22,-0.6470588235294117,OANDA,2022-01-02_2026-04-19,PROXY,guardian
106,2024-05-28T19:00:00+00:00,2024-05-29T06:15:00+00:00,2357.158,2351.968,Exit,3.2708811911582103,41,4.45699999999988,5.393000000000029,1.3626297439503354,1.6487911620202818,0.5588235294117647,0.6470588235294117,8,41,-0.22,-0.6470588235294117,OANDA,2022-01-02_2026-04-19,PROXY,guardian
107,2024-06-06T13:30:00+00:00,2024-06-07T08:00:00+00:00,2361.033,2355.864,Exit,3.6201290507802923,70,26.751999999999953,10.038000000000011,7.389791807072114,2.7728293271303115,3.323529411764705,0.6470588235294117,58,70,-0.22,-0.6470588235294117,OANDA,2022-01-02_2026-04-19,PROXY,guardian
108,2024-06-17T14:30:00+00:00,2024-06-17T15:15:00+00:00,2326.173,2321.089,Exit,3.307560519987727,3,1.5070000000000618,6.612999999999829,0.45562280444853465,1.9993587298062099,0.1764705882352941,0.6470588235294117,0,3,-0.22,-0.6470588235294117,OANDA,2022-01-02_2026-04-19,PROXY,guardian
109,2024-06-17T19:15:00+00:00,2024-06-18T07:45:00+00:00,2319.603,2315.402,Exit,2.6325007703653633,46,6.121999999999844,4.503000000000156,2.3255453783400695,1.7105408099748391,0.7647058823529411,0.5294117647058822,26,46,-0.18,-0.5294117647058822,OANDA,2022-01-02_2026-04-19,PROXY,guardian
110,2024-06-27T19:00:00+00:00,2024-06-28T00:45:00+00:00,2326.338,2321.965,Exit,2.7085347374834883,19,2.3170000000000073,4.878000000000156,0.8554440775431008,1.8009737635974823,0.29411764705882354,0.5588235294117647,7,19,-0.19,-0.5588235294117647,OANDA,2022-01-02_2026-04-19,PROXY,guardian
111,2024-07-02T15:15:00+00:00,2024-07-02T16:00:00+00:00,2329.418,2323.174,Exit,3.937137028145888,3,0.7770000000000437,8.41800000000012,0.1973515258537891,2.1381018592498418,0.08823529411764705,0.7941176470588235,0,3,-0.27,-0.7941176470588235,OANDA,2022-01-02_2026-04-19,PROXY,guardian
112,2024-07-02T18:15:00+00:00,2024-07-11T15:00:00+00:00,2326.633,2418.081,Exit,3.0344500975773436,621,93.37700000000041,0.7529999999997017,30.772297120506646,0.24815039818940665,11.558823529411764,0.08823529411764705,621,1,3.93,11.558823529411764,OANDA,2022-01-02_2026-04-19,PROXY,guardian
113,2024-07-15T18:45:00+00:00,2024-07-19T06:00:00+00:00,2424.623,2418.896,Exit,3.6099957347991114,317,59.116999999999734,10.04300000000012,16.37591962509326,2.7819977467532913,7.1764705882352935,0.7058823529411764,165,317,-0.24,-0.7058823529411764,OANDA,2022-01-02_2026-04-19,PROXY,guardian
114,2024-07-30T13:15:00+00:00,2024-07-30T15:15:00+00:00,2391.113,2387.22,Exit,2.5478727373462626,8,6.731999999999971,7.117999999999938,2.642204181285635,2.7937031138429984,0.823529411764706,0.47058823529411764,1,8,-0.16,-0.47058823529411764,OANDA,2022-01-02_2026-04-19,PROXY,guardian
115,2024-08-15T14:45:00+00:00,2024-08-28T20:15:00+00:00,2454.428,2507.982,Stale,6.116981486778916,850,77.33699999999999,3.8330000000000837,12.643000500680632,0.6266162499076758,9.26470588235294,0.47058823529411764,271,1,2.18,6.411764705882353,OANDA,2022-01-02_2026-04-19,PROXY,guardian
116,2024-08-29T14:00:00+00:00,2024-08-30T14:15:00+00:00,2516.878,2510.609,Exit,4.0477132066421815,93,11.861999999999625,7.383000000000266,2.9305435920050913,1.8239928629046578,1.3823529411764703,0.7352941176470588,13,93,-0.25,-0.7352941176470588,OANDA,2022-01-02_2026-04-19,PROXY,guardian
117,2024-09-05T14:30:00+00:00,2024-09-05T14:45:00+00:00,2517.223,2510.845,Exit,4.313426191405712,1,1.4220000000000255,8.66800000000012,0.3296683278905502,2.0095394276760037,0.1764705882352941,0.7352941176470588,0,1,-0.25,-0.7352941176470588,OANDA,2022-01-02_2026-04-19,PROXY,guardian
118,2024-09-05T17:30:00+00:00,2024-09-06T13:15:00+00:00,2512.818,2506.941,Exit,3.691277675535065,75,16.48199999999997,6.083000000000084,4.465120602884702,1.647938880436116,1.9411764705882353,0.676470588235294,72,75,-0.23,-0.676470588235294,OANDA,2022-01-02_2026-04-19,PROXY,guardian
119,2024-09-10T15:00:00+00:00,2024-09-11T12:45:00+00:00,2509.148,2503.691,Exit,3.4789569575307717,83,19.942000000000007,6.878000000000156,5.732177846245635,1.9770293464285609,2.3235294117647056,0.6470588235294117,58,83,-0.22,-0.6470588235294117,OANDA,2022-01-02_2026-04-19,PROXY,guardian
120,2024-09-17T14:15:00+00:00,2024-09-17T14:30:00+00:00,2580.808,2574.307,Exit,4.1952868681660895,1,1.4920000000001892,8.963000000000193,0.35563718212490103,2.1364450826978234,0.1764705882352941,0.7352941176470588,0,1,-0.25,-0.7352941176470588,OANDA,2022-01-02_2026-04-19,PROXY,guardian
121,2024-09-17T18:15:00+00:00,2024-09-18T19:00:00+00:00,2570.693,2564.577,Exit,3.8235348622099297,95,29.596999999999753,13.182999999999993,7.74074281171671,3.44785662353827,3.38235294117647,0.7058823529411764,93,95,-0.24,-0.7058823529411764,OANDA,2022-01-02_2026-04-19,PROXY,guardian
122,2024-09-19T14:45:00+00:00,2024-10-02T20:15:00+00:00,2583.273,2659.322,Stale,4.863806665924803,850,102.36699999999973,3.068000000000211,21.046683602201878,0.6307816512309629,11.647058823529411,0.3529411764705882,447,0,2.94,8.647058823529411,OANDA,2022-01-02_2026-04-19,PROXY,guardian
123,2024-10-14T18:30:00+00:00,2024-10-15T03:15:00+00:00,2650.388,2646.161,Exit,2.6075641198569617,31,2.9769999999998618,4.992999999999938,1.1416785410297658,1.9148138916230486,0.32352941176470584,0.47058823529411764,6,31,-0.16,-0.47058823529411764,OANDA,2022-01-02_2026-04-19,PROXY,guardian
124,2024-10-15T13:30:00+00:00,2024-10-23T07:30:00+00:00,2651.943,2754.997,Exit,3.6753485551613108,528,103.52199999999993,5.003000000000156,28.1665802430149,1.361231438301115,11.441176470588236,0.5588235294117647,528,1,3.89,11.441176470588236,OANDA,2022-01-02_2026-04-19,PROXY,guardian
125,2024-10-28T18:45:00+00:00,2024-10-31T14:45:00+00:00,2742.073,2737.97,Exit,2.523565835579526,260,48.09700000000021,7.373000000000047,19.05914215586729,2.9216594614052815,5.147058823529411,0.4411764705882352,205,260,-0.15,-0.4411764705882352,OANDA,2022-01-02_2026-04-19,PROXY,guardian
126,2024-11-21T13:15:00+00:00,2024-11-21T14:45:00+00:00,2667.143,2661.616,Exit,3.6328212165260023,6,4.481999999999971,5.688000000000102,1.2337518784604606,1.565725275475964,0.5,0.6176470588235293,4,6,-0.21,-0.6176470588235293,OANDA,2022-01-02_2026-04-19,PROXY,guardian
127,2024-11-21T15:30:00+00:00,2024-11-25T03:15:00+00:00,2666.433,2659.927,Exit,4.244594827739577,135,54.98700000000008,7.443000000000211,12.95459336675556,1.7535242589842004,6.0588235294117645,0.7058823529411764,120,135,-0.24,-0.7058823529411764,OANDA,2022-01-02_2026-04-19,PROXY,guardian
128,2024-12-03T16:30:00+00:00,2024-12-04T08:30:00+00:00,2644.203,2637.243,Exit,4.551849167908408,60,7.246999999999844,7.467999999999847,1.59210020645958,1.6406519031102742,0.7941176470588235,0.7647058823529411,53,60,-0.26,-0.7647058823529411,OANDA,2022-01-02_2026-04-19,PROXY,guardian
129,2024-12-05T14:00:00+00:00,2024-12-05T14:45:00+00:00,2648.988,2643.672,Exit,3.46011464857864,3,1.3270000000002256,9.342999999999847,0.38351330368354586,2.700199545075133,0.14705882352941177,0.5882352941176471,0,3,-0.2,-0.5882352941176471,OANDA,2022-01-02_2026-04-19,PROXY,guardian
130,2024-12-26T13:15:00+00:00,2024-12-26T13:30:00+00:00,2630.243,2627.117,Exit,2.119116341430183,1,0.37199999999984357,6.4529999999999745,0.17554486873938327,3.0451371988594413,0.029411764705882353,0.3529411764705882,0,1,-0.12,-0.3529411764705882,OANDA,2022-01-02_2026-04-19,PROXY,guardian
131,2024-12-26T15:00:00+00:00,2024-12-27T08:45:00+00:00,2630.043,2626.31,Exit,2.6878026861739412,67,9.132000000000062,3.8730000000000473,3.3975708287572877,1.4409539881490414,1.0294117647058822,0.411764705882353,3,67,-0.14,-0.411764705882353,OANDA,2022-01-02_2026-04-19,PROXY,guardian
132,2025-01-02T13:30:00+00:00,2025-01-06T04:15:00+00:00,2641.033,2635.959,Exit,3.317639886300273,147,24.3720000000003,5.91800000000012,7.346186094711799,1.7837981826893474,2.705882352941176,0.5588235294117647,51,147,-0.19,-0.5588235294117647,OANDA,2022-01-02_2026-04-19,PROXY,guardian
133,2025-01-06T15:30:00+00:00,2025-01-17T21:00:00+00:00,2639.158,2701.105,Stale,6.424751073627169,850,85.62699999999995,6.938000000000102,13.327675892609832,1.0798861964442106,9.529411764705882,0.7647058823529411,744,1,2.35,6.911764705882352,OANDA,2022-01-02_2026-04-19,PROXY,guardian
134,2025-01-20T15:45:00+00:00,2025-01-20T16:15:00+00:00,2708.778,2703.317,Exit,3.5316921082546,2,0.4670000000000982,5.467999999999847,0.1322312324193217,1.5482663359072348,0.058823529411764705,0.5882352941176471,0,2,-0.2,-0.5882352941176471,OANDA,2022-01-02_2026-04-19,PROXY,guardian
135,2025-01-20T16:45:00+00:00,2025-01-31T15:00:00+00:00,2708.458,2814.178,Exit,3.5692217644694906,811,108.75700000000006,5.643000000000029,30.47078808121218,1.5810169197594741,11.470588235294116,0.6176470588235293,811,18,3.9,11.470588235294116,OANDA,2022-01-02_2026-04-19,PROXY,guardian
136,2025-02-06T20:00:00+00:00,2025-02-20T05:00:00+00:00,2853.968,2940.197,Stale,3.402965670731722,850,93.11200000000008,1.3730000000000473,27.362015667933168,0.4034715988494877,9.588235294117645,0.14705882352941177,778,66,3.02,8.88235294117647,OANDA,2022-01-02_2026-04-19,PROXY,guardian
137,2025-02-20T16:30:00+00:00,2025-02-20T19:30:00+00:00,2943.048,2934.827,Exit,5.127552362465797,12,4.042000000000371,9.492999999999938,0.7882903409408788,1.8513706597107933,0.411764705882353,0.823529411764706,4,12,-0.28,-0.823529411764706,OANDA,2022-01-02_2026-04-19,PROXY,guardian
138,2025-02-24T16:15:00+00:00,2025-02-25T06:30:00+00:00,2942.603,2934.899,Exit,4.801013011101298,53,10.822000000000116,8.193000000000211,2.254107617491683,1.7065148503150651,1.088235294117647,0.7647058823529411,25,53,-0.26,-0.7647058823529411,OANDA,2022-01-02_2026-04-19,PROXY,guardian
139,2025-03-04T17:00:00+00:00,2025-03-05T01:00:00+00:00,2915.213,2906.584,Exit,5.293094036788563,28,5.3969999999999345,10.723000000000411,1.0196304774653906,2.0258472502986726,0.5588235294117647,0.8823529411764705,13,28,-0.3,-0.8823529411764705,OANDA,2022-01-02_2026-04-19,PROXY,guardian
140,2025-03-06T13:15:00+00:00,2025-03-07T00:00:00+00:00,2907.303,2900.0,Exit,4.957676483936334,39,15.547000000000025,10.393000000000029,3.1359448423822727,2.096344937729401,1.5588235294117647,0.7352941176470588,7,39,-0.25,-0.7352941176470588,OANDA,2022-01-02_2026-04-19,PROXY,guardian
141,2025-03-11T13:30:00+00:00,2025-03-18T02:45:00+00:00,2911.388,3009.467,Exit,3.8755645358479387,417,100.85199999999986,5.277999999999793,26.022531444682638,1.3618661103897767,9.911764705882353,0.5294117647058822,417,91,3.37,9.911764705882353,OANDA,2022-01-02_2026-04-19,PROXY,guardian
142,2025-03-18T14:30:00+00:00,2025-03-21T13:30:00+00:00,3029.168,3021.361,Exit,4.941633464331527,272,28.422000000000025,15.532999999999902,5.751539486922423,3.1432926201662563,2.7647058823529407,0.7647058823529411,145,272,-0.26,-0.7647058823529411,OANDA,2022-01-02_2026-04-19,PROXY,guardian
143,2025-03-27T14:15:00+00:00,2025-04-04T14:45:00+00:00,3047.253,3039.191,Exit,5.166678267922875,554,120.58199999999988,20.103000000000065,23.33839920875829,3.8908944891747517,11.647058823529411,0.7647058823529411,402,554,-0.26,-0.7647058823529411,OANDA,2022-01-02_2026-04-19,PROXY,guardian
144,2025-04-10T14:15:00+00:00,2025-04-21T22:00:00+00:00,3142.893,3432.867,Exit,9.86562755346652,579,290.6120000000001,1.6530000000002474,29.457021200631754,0.16755142955091862,27.14705882352941,0.14705882352941177,579,0,9.23,27.14705882352941,OANDA,2022-01-02_2026-04-19,PROXY,guardian
145,2025-05-06T15:00:00+00:00,2025-05-07T00:30:00+00:00,3386.283,3374.588,Exit,7.733580193252941,34,48.771999999999935,21.472999999999956,6.3065228240020605,2.77659240137366,4.235294117647058,1.0294117647058822,23,34,-0.35,-1.0294117647058822,OANDA,2022-01-02_2026-04-19,PROXY,guardian
146,2025-05-08T12:30:00+00:00,2025-05-08T15:15:00+00:00,3353.478,3342.912,Exit,6.986983501297585,11,16.121999999999844,12.847999999999956,2.307433529362958,1.8388479087740646,1.4117647058823528,0.9411764705882353,4,11,-0.32,-0.9411764705882353,OANDA,2022-01-02_2026-04-19,PROXY,guardian
147,2025-05-19T15:15:00+00:00,2025-05-19T23:00:00+00:00,3235.183,3223.668,Exit,7.20346915838252,27,4.731999999999971,14.103000000000065,0.6569057069528015,1.9578066748003928,0.4411764705882352,1.0588235294117645,2,27,-0.36,-1.0588235294117645,OANDA,2022-01-02_2026-04-19,PROXY,guardian
148,2025-05-22T13:15:00+00:00,2025-05-22T13:45:00+00:00,3314.888,3302.774,Exit,7.72397444693968,2,1.0219999999999345,27.962999999999738,0.13231530049984327,3.620286446063914,0.08823529411764705,1.088235294117647,0,2,-0.37,-1.088235294117647,OANDA,2022-01-02_2026-04-19,PROXY,guardian
149,2025-06-03T17:30:00+00:00,2025-06-04T11:15:00+00:00,3353.553,3345.643,Exit,4.8658400726519595,67,19.162000000000262,9.737999999999829,3.938066133266207,2.0012988208822216,1.676470588235294,0.7058823529411764,30,67,-0.24,-0.7058823529411764,OANDA,2022-01-02_2026-04-19,PROXY,guardian
150,2025-06-12T15:30:00+00:00,2025-06-17T03:15:00+00:00,3388.318,3375.73,Exit,7.882362780235675,227,63.20699999999988,14.648000000000138,8.018788498099305,1.8583260385742075,5.5,1.088235294117647,114,227,-0.37,-1.088235294117647,OANDA,2022-01-02_2026-04-19,PROXY,guardian
151,2025-06-17T13:15:00+00:00,2025-06-17T14:00:00+00:00,3393.453,3384.587,Exit,5.53350080154207,3,4.117000000000189,8.907999999999902,0.7440136267537665,1.6098307959976133,0.3529411764705882,0.7647058823529411,1,3,-0.26,-0.7647058823529411,OANDA,2022-01-02_2026-04-19,PROXY,guardian
152,2025-06-23T17:45:00+00:00,2025-06-23T20:30:00+00:00,3381.943,3371.64,Exit,6.440708749883539,11,6.201999999999771,14.618000000000393,0.9629375028193776,2.269625994230016,0.5294117647058822,0.8823529411764705,2,11,-0.3,-0.8823529411764705,OANDA,2022-01-02_2026-04-19,PROXY,guardian
153,2025-07-10T13:00:00+00:00,2025-07-10T13:45:00+00:00,3323.888,3317.711,Exit,4.077907362454617,3,5.726999999999862,11.877999999999702,1.4043967876093697,2.912768472712428,0.5,0.5588235294117647,0,3,-0.19,-0.5588235294117647,OANDA,2022-01-02_2026-04-19,PROXY,guardian
154,2025-07-10T15:30:00+00:00,2025-07-10T16:30:00+00:00,3320.968,3313.049,Exit,4.920808108163085,4,0.4070000000001528,8.717999999999847,0.08270999215047303,1.7716602249816722,0.029411764705882353,0.7058823529411764,0,4,-0.24,-0.7058823529411764,OANDA,2022-01-02_2026-04-19,PROXY,guardian
155,2025-08-04T17:15:00+00:00,2025-08-05T09:00:00+00:00,3372.003,3365.758,Exit,3.88943771107141,59,10.366999999999734,7.932999999999993,2.6654238401838226,2.0396264419966035,0.9117647058823529,0.5588235294117647,27,59,-0.19,-0.5588235294117647,OANDA,2022-01-02_2026-04-19,PROXY,guardian
156,2025-08-07T12:30:00+00:00,2025-08-07T14:00:00+00:00,3382.953,3374.835,Exit,5.37680660551635,6,11.012000000000171,8.182999999999993,2.048055808572765,1.5219070724255956,0.9705882352941176,0.7058823529411764,5,6,-0.24,-0.7058823529411764,OANDA,2022-01-02_2026-04-19,PROXY,guardian
157,2025-08-07T14:45:00+00:00,2025-08-08T18:00:00+00:00,3387.473,3376.888,Exit,6.618501906682652,105,21.95699999999988,10.898000000000138,3.317518119595926,1.6465961865171497,1.9117647058823528,0.9117647058823529,25,105,-0.31,-0.9117647058823529,OANDA,2022-01-02_2026-04-19,PROXY,guardian
158,2025-08-21T12:15:00+00:00,2025-08-22T00:15:00+00:00,3341.553,3335.862,Exit,3.799362642944188,44,6.686999999999898,6.367999999999938,1.7600320444320716,1.6760705935312536,0.5882352941176471,0.5,9,44,-0.17,-0.5,OANDA,2022-01-02_2026-04-19,PROXY,guardian
159,2025-08-25T18:15:00+00:00,2025-08-25T19:00:00+00:00,3372.353,3368.696,Exit,2.2478199981396028,3,0.9619999999999891,4.217999999999847,0.4279702114921051,1.8764847734653372,0.08823529411764705,0.32352941176470584,0,3,-0.11,-0.32352941176470584,OANDA,2022-01-02_2026-04-19,PROXY,guardian
160,2025-08-26T13:45:00+00:00,2025-08-26T14:00:00+00:00,3377.538,3371.413,Exit,4.047181519034048,1,0.17200000000002547,7.092999999999847,0.04249871155793308,1.7525776806998155,0.029411764705882353,0.5294117647058822,0,1,-0.18,-0.5294117647058822,OANDA,2022-01-02_2026-04-19,PROXY,guardian
161,2025-08-26T14:45:00+00:00,2025-09-02T01:30:00+00:00,3376.648,3499.446,Exit,4.187876701508024,397,126.06700000000001,2.8980000000001382,30.10284423001379,0.6919974503921258,10.705882352941176,0.2647058823529411,397,79,3.64,10.705882352941176,OANDA,2022-01-02_2026-04-19,PROXY,guardian
162,2025-09-02T13:30:00+00:00,2025-09-09T13:45:00+00:00,3485.388,3667.75,Exit,6.651878359705799,461,182.93200000000024,6.38799999999992,27.5008035486823,0.9603302487753925,15.382352941176471,0.5294117647058822,461,0,5.23,15.382352941176471,OANDA,2022-01-02_2026-04-19,PROXY,guardian
163,2025-09-09T14:30:00+00:00,2025-09-09T15:00:00+00:00,3653.423,3640.815,Exit,8.86737465529831,2,1.2420000000001892,18.317999999999756,0.14006400409145753,2.065774900923425,0.08823529411764705,1.4117647058823528,0,2,-0.35,-1.0294117647058822,OANDA,2022-01-02_2026-04-19,PROXY,guardian
164,2025-09-11T12:30:00+00:00,2025-09-23T01:00:00+00:00,3624.273,3752.037,Exit,6.320785266261954,690,131.24199999999973,11.438000000000102,20.76355934768448,1.8095852838178152,10.38235294117647,0.9411764705882353,690,0,3.53,10.38235294117647,OANDA,2022-01-02_2026-04-19,PROXY,guardian
165,2025-09-23T15:15:00+00:00,2025-09-23T16:30:00+00:00,3779.148,3769.035,Exit,6.2729369435760125,5,2.9719999999997526,14.117999999999938,0.473781264937362,2.2506204234139315,0.23529411764705882,0.7941176470588235,1,5,-0.27,-0.7941176470588235,OANDA,2022-01-02_2026-04-19,PROXY,guardian
166,2025-09-29T19:15:00+00:00,2025-09-30T08:30:00+00:00,3826.773,3818.399,Exit,5.336572850061215,49,45.116999999999734,19.16300000000001,8.454302277440513,3.5908813649532014,3.4705882352941173,0.6470588235294117,39,49,-0.22,-0.6470588235294117,OANDA,2022-01-02_2026-04-19,PROXY,guardian
167,2025-09-30T13:45:00+00:00,2025-10-13T05:00:00+00:00,3825.068,4065.53,Exit,8.226548650743416,793,241.12199999999984,5.643000000000029,29.310225981367065,0.6859498727318756,18.5,0.4411764705882352,793,191,6.29,18.5,OANDA,2022-01-02_2026-04-19,PROXY,guardian
168,2025-10-13T19:30:00+00:00,2025-10-14T06:15:00+00:00,4104.883,4092.88,Exit,7.488879370063643,39,75.05200000000059,14.302999999999884,10.021793153728256,1.9098985700284197,5.38235294117647,0.8529411764705881,35,39,-0.29,-0.8529411764705881,OANDA,2022-01-02_2026-04-19,PROXY,guardian
169,2025-10-14T13:45:00+00:00,2025-10-21T14:30:00+00:00,4126.888,4107.709,Exit,12.641558880884308,463,254.55199999999968,29.14300000000003,20.13612422316963,2.305332773798021,18.14705882352941,1.352941176470588,392,463,-0.46,-1.352941176470588,OANDA,2022-01-02_2026-04-19,PROXY,guardian
170,2025-11-03T15:45:00+00:00,2025-11-03T16:00:00+00:00,4021.488,4006.569,Exit,10.37451385729471,1,2.3220000000001164,19.712999999999738,0.22381771637110795,1.9001372277447766,0.1764705882352941,1.3235294117647058,0,1,-0.37,-1.088235294117647,OANDA,2022-01-02_2026-04-19,PROXY,guardian
171,2025-11-03T18:45:00+00:00,2025-11-03T19:00:00+00:00,4008.463,3995.805,Exit,7.91034002854795,1,0.17200000000002547,13.018000000000029,0.021743692354473716,1.6456941108749858,0.0,0.9411764705882353,0,1,-0.32,-0.9411764705882353,OANDA,2022-01-02_2026-04-19,PROXY,guardian
172,2025-11-06T13:15:00+00:00,2025-11-06T14:15:00+00:00,4012.068,4003.349,Exit,5.631019526462187,4,4.241999999999734,22.97300000000041,0.7533271692745959,4.0797230220996425,0.32352941176470584,0.6470588235294117,0,4,-0.22,-0.6470588235294117,OANDA,2022-01-02_2026-04-19,PROXY,guardian
173,2025-11-06T18:45:00+00:00,2025-11-13T08:15:00+00:00,3989.488,4231.407,Exit,8.050848387455403,418,248.75700000000006,12.60799999999972,30.898234326161944,1.5660461349197852,17.823529411764703,0.9411764705882353,418,12,6.06,17.823529411764703,OANDA,2022-01-02_2026-04-19,PROXY,guardian
174,2025-11-13T14:00:00+00:00,2025-11-13T14:15:00+00:00,4231.833,4217.62,Exit,9.793364160573622,1,0.592000000000553,24.277999999999338,0.06044909494776492,2.479025552602071,0.029411764705882353,1.2647058823529411,0,1,-0.34,-1.0,OANDA,2022-01-02_2026-04-19,PROXY,guardian
175,2025-11-25T16:30:00+00:00,2025-12-09T01:30:00+00:00,4140.668,4194.322,Stale,9.707323795075794,850,124.03200000000015,13.047999999999774,12.77715698150684,1.3441397727578217,8.823529411764705,0.9411764705882353,347,18,1.3,3.8235294117647056,OANDA,2022-01-02_2026-04-19,PROXY,guardian
176,2025-12-09T14:45:00+00:00,2025-12-09T15:00:00+00:00,4205.913,4196.17,Exit,6.447497826695805,1,4.542000000000371,15.772999999999229,0.7044593301286992,2.44637538840126,0.32352941176470584,0.676470588235294,0,1,-0.23,-0.676470588235294,OANDA,2022-01-02_2026-04-19,PROXY,guardian
177,2025-12-09T15:30:00+00:00,2025-12-10T09:00:00+00:00,4206.293,4194.654,Exit,7.414181022321658,66,15.332000000000335,11.75799999999981,2.0679290071068848,1.5858798112158772,1.0588235294117645,0.823529411764706,5,66,-0.28,-0.823529411764706,OANDA,2022-01-02_2026-04-19,PROXY,guardian
178,2025-12-11T13:45:00+00:00,2025-12-22T04:45:00+00:00,4219.773,4399.724,Exit,6.138054697244872,608,181.34199999999964,1.8280000000004293,29.543887916377944,0.29781422456547113,12.52941176470588,0.11764705882352941,608,1,4.26,12.52941176470588,OANDA,2022-01-02_2026-04-19,PROXY,guardian
179,2025-12-23T17:00:00+00:00,2025-12-24T15:30:00+00:00,4474.398,4458.637,Exit,10.012744516146169,86,51.7519999999995,24.69300000000021,5.168612853004109,2.466157002226635,3.4117647058823524,1.0294117647058822,29,86,-0.35,-1.0294117647058822,OANDA,2022-01-02_2026-04-19,PROXY,guardian
180,2026-01-05T21:00:00+00:00,2026-01-06T00:30:00+00:00,4444.818,4432.288,Exit,7.734464713299511,10,15.466999999999643,14.538000000000466,1.9997505416766514,1.8796388035751446,1.0294117647058822,0.823529411764706,4,10,-0.28,-0.823529411764706,OANDA,2022-01-02_2026-04-19,PROXY,guardian
181,2026-01-08T19:30:00+00:00,2026-01-18T23:15:00+00:00,4447.918,4678.625,Exit,7.753565786907728,563,236.32200000000012,0.07799999999951979,30.47913779219379,0.010059887559247459,15.264705882352942,-0.0,563,0,5.19,15.264705882352942,OANDA,2022-01-02_2026-04-19,PROXY,guardian
182,2026-01-19T15:15:00+00:00,2026-01-21T01:30:00+00:00,4668.273,4834.311,Exit,5.64214048772221,119,168.78200000000015,8.877999999999702,29.914533388043868,1.5735162956893762,10.470588235294118,0.5588235294117647,119,22,3.56,10.470588235294118,OANDA,2022-01-02_2026-04-19,PROXY,guardian
183,2026-01-22T13:15:00+00:00,2026-01-22T13:30:00+00:00,4826.883,4814.535,Exit,8.032187883073759,1,8.577000000000226,15.987999999999374,1.0678286072060827,1.9904912873976603,0.5294117647058822,0.7647058823529411,0,1,-0.26,-0.7647058823529411,OANDA,2022-01-02_2026-04-19,PROXY,guardian
184,2026-01-22T14:15:00+00:00,2026-01-26T01:30:00+00:00,4824.423,5076.449,Exit,8.662489018337935,133,261.2420000000002,2.027999999999338,30.157844869640538,0.23411285090303627,15.352941176470587,0.1764705882352941,133,0,5.22,15.352941176470587,OANDA,2022-01-02_2026-04-19,PROXY,guardian
185,2026-01-26T16:00:00+00:00,2026-01-26T16:30:00+00:00,5090.868,5070.264,Exit,13.441729679737419,2,14.471999999999753,25.483000000000175,1.0766471536632225,1.8958125633499556,0.823529411764706,1.1764705882352942,0,2,-0.4,-1.1764705882352942,OANDA,2022-01-02_2026-04-19,PROXY,guardian
186,2026-01-26T17:00:00+00:00,2026-01-26T18:30:00+00:00,5089.553,5065.838,Exit,15.06391598248074,6,15.596999999999753,31.617999999999483,1.035388143304768,2.09892301820928,0.9117647058823529,1.3823529411764703,3,6,-0.47,-1.3823529411764703,OANDA,2022-01-02_2026-04-19,PROXY,guardian
187,2026-01-27T14:45:00+00:00,2026-01-27T15:00:00+00:00,5079.363,5054.737,Exit,14.304708076313236,1,0.12699999999949796,31.673000000000684,0.008878195858452623,2.214166121463682,0.11764705882352941,1.647058823529412,0,1,-0.48,-1.4117647058823528,OANDA,2022-01-02_2026-04-19,PROXY,guardian
188,2026-01-27T15:45:00+00:00,2026-01-28T23:30:00+00:00,5080.728,5531.638,Exit,15.246492408568903,119,521.4970000000003,4.278000000000247,34.204391805350994,0.2805891273455071,26.08823529411764,0.23529411764705882,119,9,8.87,26.08823529411764,OANDA,2022-01-02_2026-04-19,PROXY,guardian
189,2026-01-29T13:45:00+00:00,2026-01-29T14:45:00+00:00,5526.098,5492.502,Exit,21.527073654426754,4,23.466999999999643,34.858000000000175,1.0901156551380113,1.6192632849022697,1.2352941176470587,1.7941176470588234,2,4,-0.61,-1.7941176470588234,OANDA,2022-01-02_2026-04-19,PROXY,guardian
190,2026-01-29T20:45:00+00:00,2026-01-30T02:00:00+00:00,5354.443,5282.481,Exit,47.058038576943204,17,96.71699999999964,158.83300000000054,2.0552705324056495,3.3752575501058635,5.323529411764706,3.941176470588235,9,17,-1.34,-3.941176470588235,OANDA,2022-01-02_2026-04-19,PROXY,guardian
191,2026-02-12T13:15:00+00:00,2026-02-12T14:45:00+00:00,5065.713,5051.691,Exit,9.27850052270725,6,18.141999999999825,26.01299999999992,1.9552728326738742,2.803578006633548,1.0588235294117645,0.823529411764706,2,6,-0.28,-0.823529411764706,OANDA,2022-01-02_2026-04-19,PROXY,guardian
192,2026-02-12T15:15:00+00:00,2026-02-12T16:00:00+00:00,5064.978,5045.123,Exit,12.459932677358106,3,9.891999999999825,116.69800000000032,0.7939047710887983,9.365861198597097,0.5882352941176471,1.1470588235294117,2,3,-0.39,-1.1470588235294117,OANDA,2022-01-02_2026-04-19,PROXY,guardian
193,2026-02-19T13:45:00+00:00,2026-02-19T14:00:00+00:00,4993.803,4978.191,Exit,9.873478441086677,1,5.007000000000517,21.542999999999665,0.5071161121054157,2.181905812479663,0.29411764705882354,0.9117647058823529,0,1,-0.31,-0.9117647058823529,OANDA,2022-01-02_2026-04-19,PROXY,guardian
194,2026-02-19T14:45:00+00:00,2026-03-01T23:00:00+00:00,4992.503,5368.53,Exit,13.155960999476136,581,382.692,17.092999999999847,29.088867017410482,1.2992589443432132,22.14705882352941,1.0,581,15,7.53,22.14705882352941,OANDA,2022-01-02_2026-04-19,PROXY,guardian
195,2026-03-02T19:15:00+00:00,2026-03-03T06:00:00+00:00,5330.823,5297.163,Exit,21.181142035065,39,49.152000000000044,51.81800000000021,2.3205547613358046,2.446421440081769,2.705882352941176,1.852941176470588,20,39,-0.63,-1.852941176470588,OANDA,2022-01-02_2026-04-19,PROXY,guardian
196,2026-03-12T13:00:00+00:00,2026-03-12T13:15:00+00:00,5181.578,5169.319,Exit,7.8898859637411,1,4.567000000000007,22.70800000000054,0.5788423332083877,2.8781151089328576,0.2647058823529411,0.7058823529411764,0,1,-0.24,-0.7058823529411764,OANDA,2022-01-02_2026-04-19,PROXY,guardian
197,2026-03-30T15:45:00+00:00,2026-03-30T17:00:00+00:00,4551.948,4522.767,Exit,16.51409352825719,5,4.947000000000116,32.298000000000684,0.29956230970445497,1.9557840062329621,0.32352941176470584,1.8823529411764706,0,5,-0.64,-1.8823529411764706,OANDA,2022-01-02_2026-04-19,PROXY,guardian
198,2026-04-02T14:00:00+00:00,2026-04-05T22:45:00+00:00,4646.268,4612.631,Exit,22.14697525484974,31,53.6220000000003,39.177999999999884,2.4211884188680877,1.7690000349560464,3.38235294117647,2.117647058823529,2,31,-0.72,-2.117647058823529,OANDA,2022-01-02_2026-04-19,PROXY,guardian
199,2026-04-06T14:30:00+00:00,2026-04-06T15:00:00+00:00,4686.088,4664.006,Exit,14.580516796656356,2,11.692000000000007,24.89800000000014,0.8018920154243949,1.707621228193353,0.7352941176470588,1.3823529411764703,0,2,-0.47,-1.3823529411764703,OANDA,2022-01-02_2026-04-19,PROXY,guardian
200,2026-04-07T15:30:00+00:00,2026-04-19T23:45:00+00:00,4653.253,4825.132,Stale,18.94970792038711,765,238.28700000000026,12.607999999999265,12.574705689454895,0.665340070304456,15.058823529411764,0.7941176470588235,726,0,3.69,10.852941176470587,OANDA,2022-01-02_2026-04-19,PROXY,guardian
