date,close,dxy_chg
2022-01-03,96.23999786376953,0.0
2022-01-04,96.29000091552734,0.0005195662184924732
2022-01-05,96.19000244140625,-0.0010385135857338135
2022-01-06,96.25,0.0006237400672726157
2022-01-07,95.73999786376953,-0.005298723493303625
2022-01-10,95.98999786376953,0.0026112388299375233
2022-01-11,95.62000274658203,-0.0038545174020381268
2022-01-12,95.0,-0.006484027701036621
2022-01-13,94.79000091552734,-0.0022105166786595687
2022-01-14,95.16999816894531,0.00400883268011154
2022-01-18,95.7300033569336,0.0058842618342196396
2022-01-19,95.51000213623047,-0.002298142828668248
2022-01-20,95.73999786376953,0.002408080016698344
2022-01-21,95.63999938964844,-0.0010444795942379237
2022-01-24,95.91999816894531,0.002927632591841922
2022-01-25,95.94999694824219,0.0003127479135689448
2022-01-26,96.48999786376953,0.00562794093488761
2022-01-27,97.26000213623047,0.007980146020399648
2022-01-28,97.2699966430664,0.0001027607096073524
2022-01-31,96.54000091552734,-0.007504839649761563
2022-02-01,96.38999938964844,-0.0015537758903706456
2022-02-02,95.94000244140625,-0.004668502449337253
2022-02-03,95.37999725341797,-0.005837035373542854
2022-02-04,95.4800033569336,0.0010485018493964215
2022-02-07,95.4000015258789,-0.0008378909535184942
2022-02-08,95.63999938964844,0.002515700837849799
2022-02-09,95.48999786376953,-0.0015683973947739904
2022-02-10,95.55000305175781,0.000628392390100263
2022-02-11,96.08000183105469,0.005546821165560711
2022-02-14,96.37000274658203,0.0030183275395567755
2022-02-15,95.98999786376953,-0.00394318638562019
2022-02-16,95.69999694824219,-0.003021157641225458
2022-02-17,95.80000305175781,0.0010449958903311352
2022-02-18,96.04000091552734,0.00250519682801964
2022-02-22,96.02999877929688,-0.00010414552410575872
2022-02-23,96.19000244140625,0.0016661841522782606
2022-02-24,97.13999938964844,0.009876254539247675
2022-02-25,96.62000274658203,-0.005353064096496385
2022-02-28,96.70999908447266,0.0009314462361036391
2022-03-01,97.41000366210938,0.007238182031470197
2022-03-02,97.38999938964844,-0.00020536158206430066
2022-03-03,97.79000091552734,0.004107213557713818
2022-03-04,98.6500015258789,0.008794361410165541
2022-03-07,99.29000091552734,0.00648757607449757
2022-03-08,99.05999755859375,-0.0023164805601046945
2022-03-09,97.97000122070312,-0.011003395565862939
2022-03-10,98.51000213623047,0.005511900671623549
2022-03-11,99.12000274658203,0.006192270806247624
2022-03-14,99.05999755859375,-0.0006053792002175262
2022-03-15,99.06999969482422,0.0001009704873509154
2022-03-16,98.37999725341797,-0.006964797047862459
2022-03-17,98.01000213623047,-0.0037608774905170117
2022-03-18,98.2300033569336,0.0022446813172938285
2022-03-21,98.5,0.0027486168567594227
2022-03-22,98.48999786376953,-0.00010154453025856824
2022-03-23,98.62000274658203,0.0013199805628214545
2022-03-24,98.79000091552734,0.0017237696634642141
2022-03-25,98.80999755859375,0.00020241565827605612
2022-03-28,99.08999633789062,0.0028337089992420683
2022-03-29,98.4000015258789,-0.0069633145374118355
2022-03-30,97.79000091552734,-0.006199193098499478
2022-03-31,98.30999755859375,0.00531748275077315
2022-04-01,98.62999725341797,0.00325500663992484
2022-04-04,98.98999786376953,0.0036500113593898043
2022-04-05,99.47000122070312,0.00484900866039184
2022-04-06,99.5999984741211,0.0013068990833682292
2022-04-07,99.75,0.001506039439527429
2022-04-08,99.80000305175781,0.0005012837268953962
2022-04-11,99.93000030517578,0.001302577649727521
2022-04-12,100.29000091552734,0.0036025278620250845
2022-04-13,99.87999725341797,-0.004088180859173729
2022-04-14,100.31999969482422,0.004405310908147664
2022-04-18,100.77999877929688,0.004585317841626635
2022-04-19,100.95999908447266,0.001786071714189763
2022-04-20,100.38999938964844,-0.005645797345415038
2022-04-21,100.58000183105469,0.001892643117456183
2022-04-22,101.22000122070312,0.006363087870324913
2022-04-25,101.75,0.005236107220955688
2022-04-26,102.30000305175781,0.005405435398111225
2022-04-27,102.94999694824219,0.006353801340118315
2022-04-28,103.62000274658203,0.0065080701136561725
2022-04-29,102.95999908447266,-0.006369461924484954
2022-05-02,103.73999786376953,0.0075757457870306855
2022-05-03,103.47000122070312,-0.0026026281918857253
2022-05-04,102.58999633789062,-0.008504927732004508
2022-05-05,103.75,0.011307181046081638
2022-05-06,103.66000366210938,-0.0008674345820782747
2022-05-09,103.6500015258789,-9.648983095811303e-05
2022-05-10,103.91999816894531,0.0026048879796589652
2022-05-11,103.8499984741211,-0.0006735921483602691
2022-05-12,104.8499984741211,0.009629273131373184
2022-05-13,104.55999755859375,-0.0027658647567736505
2022-05-16,104.19000244140625,-0.003538591486482834
2022-05-17,103.36000061035156,-0.007966232955234465
2022-05-18,103.80999755859375,0.004353685619049141
2022-05-19,102.72000122070312,-0.010499916804982079
2022-05-20,103.1500015258789,0.0041861399928520004
2022-05-23,102.08000183105469,-0.010373239738205586
2022-05-24,101.86000061035156,-0.002155184333433202
2022-05-25,102.05999755859375,0.001963449313212129
2022-05-26,101.83000183105469,-0.0022535345193107625
2022-05-27,101.66999816894531,-0.0015712821293555335
2022-05-31,101.75,0.0007868774711863313
2022-06-01,102.55000305175781,0.007862437855113535
2022-06-02,101.7699966430664,-0.007606108098287767
2022-06-03,102.13999938964844,0.0036356761205340593
2022-06-06,102.44000244140625,0.0029371749907041167
2022-06-07,102.31999969482422,-0.001171444198770577
2022-06-08,102.54000091552734,0.0021501292157866114
2022-06-09,103.22000122070312,0.006631561333181324
2022-06-10,104.1500015258789,0.009009884655855283
2022-06-13,105.08000183105469,0.008929431507926466
2022-06-14,105.5199966430664,0.004187236432667163
2022-06-15,105.16000366210938,-0.003411609101682922
2022-06-16,103.62999725341797,-0.014549318708731551
2022-06-17,104.69999694824219,0.01032519273553234
2022-06-21,104.44000244140625,-0.0024832331844715227
2022-06-22,104.19999694824219,-0.002298022669031563
2022-06-23,104.43000030517578,0.0022073259469272966
2022-06-24,104.19000244140625,-0.0022981697124215827
2022-06-27,103.94000244140625,-0.0023994624641706652
2022-06-28,104.51000213623047,0.005483929973405077
2022-06-29,105.11000061035156,0.005741062691195786
2022-06-30,104.69000244140625,-0.003995796465669055
2022-07-01,105.13999938964844,0.004298375563550616
2022-07-05,106.5,0.012935139987127142
2022-07-06,107.0999984741211,0.0056337884893999934
2022-07-07,107.12999725341797,0.00028010065102024306
2022-07-08,107.01000213623047,-0.0011200888664605335
2022-07-11,108.0199966430664,0.009438318724170669
2022-07-12,108.06999969482422,0.0004629055111253777
2022-07-13,107.95999908447266,-0.001017864445842398
2022-07-14,108.54000091552734,0.005372377139433615
2022-07-15,108.05999755859375,-0.004422363671317431
2022-07-18,107.37000274658203,-0.006385293610964404
2022-07-19,106.68000030517578,-0.006426398656567134
2022-07-20,107.08000183105469,0.003749545601187121
2022-07-21,106.91000366210938,-0.001587580930503929
2022-07-22,106.7300033569336,-0.001683661949396953
2022-07-25,106.4800033569336,-0.0023423591505373764
2022-07-26,107.19000244140625,0.006667910049670489
2022-07-27,106.44999694824219,-0.006903680159617287
2022-07-28,106.3499984741211,-0.0009393938655509748
2022-07-29,105.9000015258789,-0.004231283071919223
2022-08-01,105.44999694824219,-0.0042493349495066335
2022-08-02,106.23999786376953,0.007491711127455947
2022-08-03,106.51000213623047,0.002541455928935177
2022-08-04,105.69000244140625,-0.0076988046040540326
2022-08-05,106.62000274658203,0.008799321446617991
2022-08-08,106.44000244140625,-0.0016882414231746967
2022-08-09,106.37000274658203,-0.0006576446187396279
2022-08-10,105.19999694824219,-0.01099939614674339
2022-08-11,105.08999633789062,-0.0010456332085796438
2022-08-12,105.62999725341797,0.005138461645684211
2022-08-15,106.55000305175781,0.00870970200001664
2022-08-16,106.5,-0.00046929188480193673
2022-08-17,106.56999969482422,0.0006572741298047635
2022-08-18,107.4800033569336,0.00853902284616015
2022-08-19,108.16999816894531,0.0064197505625329665
2022-08-22,109.05000305175781,0.008135387794294457
2022-08-23,108.62000274658203,-0.003943148034316835
2022-08-24,108.68000030517578,0.0005523619690355197
2022-08-25,108.47000122070312,-0.0019322698185771925
2022-08-26,108.80000305175781,0.003042332694209504
2022-08-29,108.83999633789062,0.0003675853401750029
2022-08-30,108.7699966430664,-0.0006431431199878102
2022-08-31,108.69999694824219,-0.0006435570192571127
2022-09-01,109.69000244140625,0.009107686485358979
2022-09-02,109.52999877929688,-0.0014586895664884247
2022-09-06,110.20999908447266,0.006208347601153408
2022-09-07,109.83999633789062,-0.003357252061116811
2022-09-08,109.70999908447266,-0.001183514728260504
2022-09-09,109.0,-0.006471598672842749
2022-09-12,108.33000183105469,-0.006146772192158867
2022-09-13,109.81999969482422,0.013754249409994923
2022-09-14,109.66000366210938,-0.001456893399740089
2022-09-15,109.73999786376953,0.0007294747308839167
2022-09-16,109.76000213623047,0.0001822878881934109
2022-09-19,109.73999786376953,-0.00018225466537535873
2022-09-20,110.22000122070312,0.004374005524671709
2022-09-21,110.63999938964844,0.0038105440418596537
2022-09-22,111.3499984741211,0.00641720072658547
2022-09-23,113.19000244140625,0.016524508239780467
2022-09-26,114.0999984741211,0.00803954424496034
2022-09-27,114.11000061035156,8.766114254354918e-05
2022-09-28,112.5999984741211,-0.013232864149976042
2022-09-29,112.25,-0.003108334625790743
2022-09-30,112.12000274658203,-0.0011581047075097661
2022-10-03,111.75,-0.003300060092027657
2022-10-04,110.06999969482422,-0.015033559777859362
2022-10-05,111.06999969482422,0.009085127671232485
2022-10-06,112.26000213623047,0.010713986176968504
2022-10-07,112.80000305175781,0.004810269955919377
2022-10-10,113.13999938964844,0.0030141518501078934
2022-10-11,113.22000122070312,0.000707104750629961
2022-10-12,113.31999969482422,0.0008832226907167229
2022-10-13,112.36000061035156,-0.008471576836021621
2022-10-14,113.30999755859375,0.008454938973671222
2022-10-17,112.04000091552734,-0.011208160536846479
2022-10-18,112.12999725341797,0.0008032518489398122
2022-10-19,112.9800033569336,0.007580541552985043
2022-10-20,112.87999725341797,-0.0008851664059496001
2022-10-21,112.01000213623047,-0.007707256718250455
2022-10-24,111.98999786376953,-0.00017859362627814512
2022-10-25,110.94999694824219,-0.009286551793602604
2022-10-26,109.69999694824219,-0.011266336497360308
2022-10-27,110.58999633789062,0.008113030213376948
2022-10-28,110.66999816894531,0.0007234092929189195
2022-10-31,111.52999877929688,0.0077708559192231075
2022-11-01,111.4800033569336,-0.000448268832695109
2022-11-02,111.3499984741211,-0.0011661722183148315
2022-11-03,112.93000030517578,0.014189509229511899
2022-11-04,110.87999725341797,-0.018152865015655717
2022-11-07,110.12000274658203,-0.00685420748251786
2022-11-08,109.62000274658203,-0.004540501158092458
2022-11-09,110.55000305175781,0.008483855882814861
2022-11-10,108.20999908447266,-0.02116692811116072
2022-11-11,106.29000091552734,-0.017743260190275834
2022-11-14,106.66000366210938,0.003481068241556251
2022-11-15,106.4000015258789,-0.0024376722979884136
2022-11-16,106.27999877929688,-0.0011278453464387272
2022-11-17,106.69000244140625,0.0038577687882814793
2022-11-18,106.93000030517578,0.0022494878458863
2022-11-21,107.83999633789062,0.008510203218158985
2022-11-22,107.22000122070312,-0.005749213077167581
2022-11-23,106.08000183105469,-0.010632338898242
2022-11-25,105.95999908447266,-0.0011312475915408182
2022-11-28,106.68000030517578,0.006795028566668249
2022-11-29,106.81999969482422,0.0013123302329203224
2022-11-30,105.94999694824219,-0.008144567956071436
2022-12-01,104.7300033569336,-0.011514805346380275
2022-12-02,104.55000305175781,-0.0017187081008898097
2022-12-05,105.29000091552734,0.00707793249325106
2022-12-06,105.58000183105469,0.002754306325441158
2022-12-07,105.0999984741211,-0.004546347306393139
2022-12-08,104.7699966430664,-0.003139884261139536
2022-12-09,104.80999755859375,0.0003817974306481453
2022-12-12,105.12999725341797,0.0030531409434040313
2022-12-13,103.9800033569336,-0.01093877985854308
2022-12-14,103.7699966430664,-0.0020196836611583446
2022-12-15,104.55999755859375,0.0076129993358742265
2022-12-16,104.69999694824219,0.0013389383408313194
2022-12-19,104.72000122070312,0.00019106277979008546
2022-12-20,103.97000122070312,-0.007161955607881798
2022-12-21,104.16000366210938,0.0018274736864041241
2022-12-22,104.43000030517578,0.0025921335788567923
2022-12-23,104.30999755859375,-0.001149121384959706
2022-12-27,104.18000030517578,-0.0012462588098992589
2022-12-28,104.45999908447266,0.0026876442549113033
2022-12-29,103.83999633789062,-0.005935312579130492
2022-12-30,103.5199966430664,-0.0030816612683898237
2023-01-03,104.5199966430664,0.009659969401351276
2023-01-04,104.25,-0.0025832056232114597
2023-01-05,105.04000091552734,0.007577946431917004
2023-01-06,103.87999725341797,-0.011043446801207168
2023-01-09,103.0,-0.008471286837553493
2023-01-10,103.23999786376953,0.00233007634727711
2023-01-11,103.19000244140625,-0.0004842640778552898
2023-01-12,102.25,-0.009109433270340417
2023-01-13,102.19999694824219,-0.0004890274010543871
2023-01-17,102.38999938964844,0.0018591237483351897
2023-01-18,102.36000061035156,-0.000292985442676974
2023-01-19,102.05999755859375,-0.0029308621528815193
2023-01-20,102.01000213623047,-0.0004898630566259055
2023-01-23,102.13999938964844,0.001274357912907087
2023-01-24,101.91999816894531,-0.0021539183671213102
2023-01-25,101.63999938964844,-0.0027472408195371445
2023-01-26,101.83999633789062,0.001967699227107156
2023-01-27,101.93000030517578,0.0008837781865833616
2023-01-30,102.27999877929688,0.003433714049575265
2023-01-31,102.0999984741211,-0.0017598778580765195
2023-02-01,101.22000122070312,-0.00861897420734059
2023-02-02,101.75,0.005236107220955688
2023-02-03,102.91999816894531,0.011498753503148107
2023-02-06,103.62000274658203,0.0068014437435923725
2023-02-07,103.43000030517578,-0.001833646365276831
2023-02-08,103.41000366210938,-0.0001933350382616883
2023-02-09,103.22000122070312,-0.0018373700287941386
2023-02-10,103.62999725341797,0.003972059948325279
2023-02-13,103.3499984741211,-0.0027019085855243263
2023-02-14,103.2300033569336,-0.0011610558196335496
2023-02-15,103.91999816894531,0.0066840529843437135
2023-02-16,103.86000061035156,-0.0005773437225836675
2023-02-17,103.86000061035156,0.0
2023-02-21,104.18000030517578,0.0030810677156141164
2023-02-22,104.58999633789062,0.0039354581638879615
2023-02-23,104.5999984741211,9.563186328209738e-05
2023-02-24,105.20999908447266,0.005831745881932138
2023-02-27,104.66999816894531,-0.005132600705506918
2023-02-28,104.87000274658203,0.00191081094043688
2023-03-01,104.4800033569336,-0.003718884136876266
2023-03-02,105.02999877929688,0.005264121407848155
2023-03-03,104.5199966430664,-0.004855775894105796
2023-03-06,104.3499984741211,-0.0016264655033031428
2023-03-07,105.62000274658203,0.012170620901119644
2023-03-08,105.66000366210938,0.00037872481052025897
2023-03-09,105.30999755859375,-0.003312569481209837
2023-03-10,104.58000183105469,-0.006931874888069345
2023-03-13,103.5999984741211,-0.00937084853485426
2023-03-14,103.5999984741211,0.0
2023-03-15,104.6500015258789,0.010135164741533309
2023-03-16,104.41999816894531,-0.0021978342434779696
2023-03-17,103.70999908447266,-0.006799455055763515
2023-03-20,103.27999877929688,-0.004146179818452667
2023-03-21,103.26000213623047,-0.0001936158336827143
2023-03-22,102.3499984741211,-0.008812741073826569
2023-03-23,102.52999877929688,0.0017586742340918171
2023-03-24,103.12000274658203,0.005754452104843821
2023-03-27,102.86000061035156,-0.0025213550165376075
2023-03-28,102.43000030517578,-0.004180442374336346
2023-03-29,102.63999938964844,0.0020501716669627523
2023-03-30,102.13999938964844,-0.004871395196543893
2023-03-31,102.51000213623047,0.0036225058624734796
2023-04-03,102.08999633789062,-0.004097217730828606
2023-04-04,101.58999633789062,-0.004897639513524288
2023-04-05,101.8499984741211,0.002559328138626027
2023-04-06,101.81999969482422,-0.0002945388291242246
2023-04-10,102.58000183105469,0.007464173428681553
2023-04-11,102.19999694824219,-0.0037044733479177916
2023-04-12,101.5,-0.006849285412373285
2023-04-13,101.01000213623047,-0.004827565160290925
2023-04-14,101.55000305175781,0.005346014296673918
2023-04-17,102.0999984741211,0.005416005965878323
2023-04-18,101.75,-0.0034279968594691512
2023-04-19,101.97000122070312,0.0021621741592445787
2023-04-20,101.83999633789062,-0.001274932639562465
2023-04-21,101.81999969482422,-0.00019635353285030188
2023-04-24,101.3499984741211,-0.004616001002865966
2023-04-25,101.86000061035156,0.0050320882477437046
2023-04-26,101.47000122070312,-0.003828778591316917
2023-04-27,101.5,0.00029564185410446697
2023-04-28,101.66999816894531,0.0016748588073429715
2023-05-01,102.1500015258789,0.0047211897863514984
2023-05-02,101.95999908447266,-0.0018600336619487567
2023-05-03,101.33999633789062,-0.006080842998717251
2023-05-04,101.4000015258789,0.0005921175267089573
2023-05-05,101.20999908447266,-0.0018737913071703582
2023-05-08,101.37000274658203,0.001580907652966479
2023-05-09,101.63999938964844,0.0026634767263584713
2023-05-10,101.4800033569336,-0.00157414436910297
2023-05-11,102.05999755859375,0.00571535457700123
2023-05-12,102.68000030517578,0.006074884983473305
2023-05-15,102.43000030517578,-0.002434748726694358
2023-05-16,102.55999755859375,0.0012691326079337095
2023-05-17,102.87999725341797,0.0031201219036827155
2023-05-18,103.58000183105469,0.006804088222440718
2023-05-19,103.19999694824219,-0.0036687089794834593
2023-05-22,103.19999694824219,0.0
2023-05-23,103.48999786376953,0.002810086473866713
2023-05-24,103.88999938964844,0.003865122563877721
2023-05-25,104.20999908447266,0.0030801780412379465
2023-05-26,104.20999908447266,0.0
2023-05-30,104.16999816894531,-0.000383849111205925
2023-05-31,104.31999969482422,0.0014399685947543706
2023-06-01,103.55999755859375,-0.007285296572601241
2023-06-02,104.0199966430664,0.004441860711829282
2023-06-05,104.0,-0.0001922384513721731
2023-06-06,104.12999725341797,0.0012499735905573406
2023-06-07,104.0999984741211,-0.000288089696419247
2023-06-08,103.33999633789062,-0.007300693058313601
2023-06-09,103.55999755859375,0.0021289067979428644
2023-06-12,103.62999725341797,0.0006759337241641905
2023-06-13,103.33999633789062,-0.0027984263554323707
2023-06-14,103.01000213623047,-0.003193286368824433
2023-06-15,102.12000274658203,-0.00863993176576594
2023-06-16,102.30000305175781,0.0017626351384112393
2023-06-20,102.54000091552734,0.0023460201037150963
2023-06-21,102.06999969482422,-0.004583589004356625
2023-06-22,102.38999938964844,0.0031351003799449106
2023-06-23,102.9000015258789,0.004980976064758336
2023-06-26,102.69000244140625,-0.00204080739901491
2023-06-27,102.48999786376953,-0.001947653840507435
2023-06-28,102.91000366210938,0.004098017436765966
2023-06-29,103.33999633789062,0.0041783369981509555
2023-06-30,102.91000366210938,-0.0041609511420467316
2023-07-03,102.98999786376953,0.0007773219202558135
2023-07-05,103.37000274658203,0.0036897260966559653
2023-07-06,103.16999816894531,-0.0019348415625666249
2023-07-07,102.2699966430664,-0.008723481068644734
2023-07-10,101.97000122070312,-0.002933366893618894
2023-07-11,101.7300033569336,-0.0023536124438213735
2023-07-12,100.5199966430664,-0.011894295428475643
2023-07-13,99.7699966430664,-0.00746120200006728
2023-07-14,99.91000366210938,0.001403297822529348
2023-07-17,99.83999633789062,-0.0007007038499919904
2023-07-18,99.94000244140625,0.0010016637338123857
2023-07-19,100.27999877929688,0.00340200449854855
2023-07-20,100.87999725341797,0.0059832317653056855
2023-07-21,101.06999969482422,0.0018834501048701213
2023-07-24,101.3499984741211,0.002770345108759509
2023-07-25,101.3499984741211,0.0
2023-07-26,100.88999938964844,-0.004538718218038418
2023-07-27,101.7699966430664,0.008722343728235327
2023-07-28,101.62000274658203,-0.0014738518368084819
2023-07-31,101.86000061035156,0.0023617187294122655
2023-08-01,102.30000305175781,0.004319678370015012
2023-08-02,102.58999633789062,0.0028347338952285916
2023-08-03,102.54000091552734,-0.00048733233402808995
2023-08-04,102.0199966430664,-0.005071233351063853
2023-08-07,102.05000305175781,0.00029412281590635025
2023-08-08,102.52999877929688,0.004703534671092635
2023-08-09,102.48999786376953,-0.00039013865213677335
2023-08-10,102.5199966430664,0.00029269957968725
2023-08-11,102.83999633789062,0.0031213393025979475
2023-08-14,103.19000244140625,0.003403404472765992
2023-08-15,103.20999908447266,0.0001937846941884036
2023-08-16,103.41999816894531,0.002034677708898869
2023-08-17,103.44000244140625,0.00019342750739803627
2023-08-18,103.37999725341797,-0.0005800965445865724
2023-08-21,103.33000183105469,-0.00048360827714788446
2023-08-22,103.55999755859375,0.0022258368669643147
2023-08-23,103.36000061035156,-0.0019312181629690395
2023-08-24,103.9800033569336,0.005998478549930741
2023-08-25,104.08000183105469,0.0009617087025648452
2023-08-28,104.05999755859375,-0.0001922009234147648
2023-08-29,103.55000305175781,-0.004900965969644289
2023-08-30,103.16000366210938,-0.003766290469866096
2023-08-31,103.62000274658203,0.004459083638454819
2023-09-01,104.23999786376953,0.005983353606965114
2023-09-05,104.80999755859375,0.005468147606537244
2023-09-06,104.86000061035156,0.00047708284440961535
2023-09-07,105.05999755859375,0.0019072758638001286
2023-09-08,105.08999633789062,0.0002855395011802653
2023-09-11,104.56999969482422,-0.00494810791880218
2023-09-12,104.70999908447266,0.0013388102711773264
2023-09-13,104.7699966430664,0.0005729878628435436
2023-09-14,105.41000366210938,0.006108686069957292
2023-09-15,105.31999969482422,-0.0008538465435753428
2023-09-18,105.19999694824219,-0.001139410813993047
2023-09-19,105.19999694824219,0.0
2023-09-20,105.16000366210938,-0.0003801643278800171
2023-09-21,105.36000061035156,0.0019018347401813518
2023-09-22,105.58000183105469,0.0020880905412743456
2023-09-25,106.0,0.003978008729507154
2023-09-26,106.2300033569336,0.0021698429899394966
2023-09-27,106.66999816894531,0.004141907164714409
2023-09-28,106.22000122070312,-0.004218589631261427
2023-09-29,106.16999816894531,-0.00047074986992245993
2023-10-02,106.9000015258789,0.006875797019153751
2023-10-03,107.0,0.0009354394077991657
2023-10-04,106.80000305175781,-0.0018691303574036588
2023-10-05,106.33000183105469,-0.004400760367725409
2023-10-06,106.04000091552734,-0.002727366787674046
2023-10-09,106.08000183105469,0.0003772247753865976
2023-10-10,105.83000183105469,-0.002356711874856088
2023-10-11,105.81999969482422,-9.451134893145863e-05
2023-10-12,106.56999969482422,0.007087507107946811
2023-10-13,106.6500015258789,0.0007506974878839223
2023-10-16,106.23999786376953,-0.0038443849624314463
2023-10-17,106.25,9.414661550821712e-05
2023-10-18,106.56999969482422,0.0030117618336396035
2023-10-19,106.25,-0.003002718361082679
2023-10-20,106.16000366210938,-0.0008470243566176539
2023-10-23,105.54000091552734,-0.005840266816073192
2023-10-24,106.2699966430664,0.006916768250962324
2023-10-25,106.52999877929688,0.0024466184665814517
2023-10-26,106.5999984741211,0.0006570890418315933
2023-10-27,106.55999755859375,-0.0003752431153838387
2023-10-30,106.12000274658203,-0.004129080537654706
2023-10-31,106.66000366210938,0.0050885874627886185
2023-11-01,106.87999725341797,0.0020625687582527252
2023-11-02,106.12000274658203,-0.0071107272302221025
2023-11-03,105.0199966430664,-0.010365681069029686
2023-11-06,105.22000122070312,0.0019044428111769651
2023-11-07,105.54000091552734,0.003041243975591801
2023-11-08,105.58999633789062,0.0004737106493233334
2023-11-09,105.91000366210938,0.0030306594878053428
2023-11-10,105.86000061035156,-0.00047212775024862985
2023-11-13,105.66000366210938,-0.0018892588993867365
2023-11-14,104.11000061035156,-0.01466972362327923
2023-11-15,104.38999938964844,0.0026894513270134812
2023-11-16,104.37000274658203,-0.00019155707618856432
2023-11-17,103.81999969482422,-0.005269742620331863
2023-11-20,103.47000122070312,-0.0033712047307831172
2023-11-21,103.58999633789062,0.0011597092468527137
2023-11-22,103.91999816894531,0.0031856534677179305
2023-11-24,103.4000015258789,-0.005003816899813995
2023-11-27,103.19999694824219,-0.0019342802193930142
2023-11-28,102.75,-0.0043604356739261885
2023-11-29,102.7699966430664,0.0001946145310598446
2023-11-30,103.5,0.00710327314176129
2023-12-01,103.2699966430664,-0.002222254656363276
2023-12-04,103.63999938964844,0.003582867808748613
2023-12-05,104.05000305175781,0.00395603690200641
2023-12-06,104.1500015258789,0.0009610617125244136
2023-12-07,103.54000091552734,-0.005856942884441496
2023-12-08,104.01000213623047,0.0045393202293533275
2023-12-11,104.0999984741211,0.0008652661863495226
2023-12-12,103.87000274658203,-0.002209373015468752
2023-12-13,102.87000274658203,-0.009627418634422846
2023-12-14,101.95999908447266,-0.008846151820868009
2023-12-15,102.55000305175781,0.005786621935886194
2023-12-18,102.51000213623047,-0.00039006254838580556
2023-12-19,102.16999816894531,-0.0033167882177322916
2023-12-20,102.41000366210938,0.0023490799399565887
2023-12-21,101.83999633789062,-0.005565934028275432
2023-12-22,101.69999694824219,-0.001374699476460517
2023-12-26,101.47000122070312,-0.0022615116464174134
2023-12-27,100.98999786376953,-0.004730495231684895
2023-12-28,101.2300033569336,0.00237652736152949
2023-12-29,101.33000183105469,0.0009878343455991256
2024-01-02,102.19999694824219,0.008585760401327303
2024-01-03,102.45999908447266,0.0025440522895723294
2024-01-04,102.41999816894531,-0.0003904051911455264
2024-01-05,102.41000366210938,-9.758354827782423e-05
2024-01-08,102.20999908447266,-0.0019529789130426911
2024-01-09,102.56999969482422,0.003522166261385351
2024-01-10,102.36000061035156,-0.0020473733557323515
2024-01-11,102.29000091552734,-0.0006838578976828824
2024-01-12,102.4000015258789,0.0010753798940954518
2024-01-16,103.36000061035156,0.00937499091960503
2024-01-17,103.44999694824219,0.0008707075982894441
2024-01-18,103.54000091552734,0.0008700238756911283
2024-01-19,103.29000091552734,-0.0024145257657856023
2024-01-22,103.33000183105469,0.0003872680334280343
2024-01-23,103.62000274658203,0.00280655095701543
2024-01-24,103.23999786376953,-0.003667292730553773
2024-01-25,103.56999969482422,0.0031964532921644473
2024-01-26,103.47000122070312,-0.0009655158290600152
2024-01-29,103.61000061035156,0.001353043278213617
2024-01-30,103.4000015258789,-0.0020268225387084504
2024-01-31,103.2699966430664,-0.001257300588916932
2024-02-01,103.05000305175781,-0.002130275960683492
2024-02-02,103.91999816894531,0.008442456006047205
2024-02-05,104.44999694824219,0.005100065325590597
2024-02-06,104.18000030517578,-0.002584936821014905
2024-02-07,104.04000091552734,-0.0013438221274556517
2024-02-08,104.1500015258789,0.0010572915165665275
2024-02-09,104.08000183105469,-0.0006721045972027939
2024-02-12,104.16999816894531,0.0008646842458430726
2024-02-13,104.95999908447266,0.0075837662418511975
2024-02-14,104.72000122070312,-0.00228656503299296
2024-02-15,104.30000305175781,-0.0040106776551706025
2024-02-16,104.27999877929688,-0.00019179551175096954
2024-02-20,104.08000183105469,-0.001917884067734521
2024-02-21,104.01000213623047,-0.0006725566256027271
2024-02-22,103.95999908447266,-0.00048075233853295263
2024-02-23,103.94000244140625,-0.0001923493963303935
2024-02-26,103.83000183105469,-0.0010583087143333225
2024-02-27,103.83000183105469,0.0
2024-02-28,103.9800033569336,0.0014446838412174312
2024-02-29,104.16000366210938,0.0017311050140851325
2024-03-01,103.86000061035156,-0.0028802135292833597
2024-03-04,103.83000183105469,-0.0002888386204562554
2024-03-05,103.80000305175781,-0.0002889220723090169
2024-03-06,103.37000274658203,-0.004142584706489538
2024-03-07,102.81999969482422,-0.005320722038734793
2024-03-08,102.73999786376953,-0.0007780765540958967
2024-03-11,102.87000274658203,0.001265377511345589
2024-03-12,102.95999908447266,0.0008748550159207724
2024-03-13,102.79000091552734,-0.00165110888167197
2024-03-14,103.36000061035156,0.005545283488154196
2024-03-15,103.43000030517578,0.0006772416254920977
2024-03-18,103.58000183105469,0.0014502709604207187
2024-03-19,103.80999755859375,0.0022204646019816643
2024-03-20,103.41000366210938,-0.003853134629529298
2024-03-21,104.0,0.005705408732199935
2024-03-22,104.43000030517578,0.0041346183189978625
2024-03-25,104.2300033569336,-0.0019151292507683104
2024-03-26,104.29000091552734,0.0005756265629992541
2024-03-27,104.3499984741211,0.0005752954076809758
2024-03-28,104.55000305175781,0.0019166706330744354
2024-04-01,105.0199966430664,0.0044953952901936045
2024-04-02,104.81999969482422,-0.0019043701641119348
2024-04-03,104.25,-0.005437890636173726
2024-04-04,104.12000274658203,-0.0012469760519708828
2024-04-05,104.30000305175781,0.0017287773763690062
2024-04-08,104.13999938964844,-0.0015340714997867932
2024-04-09,104.1500015258789,9.604509591976118e-05
2024-04-10,105.25,0.010561675064860943
2024-04-11,105.27999877929688,0.00028502403132413257
2024-04-12,106.04000091552734,0.007218865359446713
2024-04-15,106.20999908447266,0.0016031513341907555
2024-04-16,106.26000213623047,0.00047079420194751087
2024-04-17,105.94999694824219,-0.0029174212474684103
2024-04-18,106.1500015258789,0.0018877261292835623
2024-04-19,106.1500015258789,0.0
2024-04-22,106.08000183105469,-0.0006594412983325082
2024-04-23,105.69000244140625,-0.003676464771084409
2024-04-24,105.86000061035156,0.0016084602613153365
2024-04-25,105.5999984741211,-0.0024560942256884877
2024-04-26,105.94000244140625,0.0032197345852091885
2024-04-29,105.58000183105469,-0.0033981555791512408
2024-04-30,106.22000122070312,0.006061748234031494
2024-05-01,105.76000213623047,-0.004330625863173121
2024-05-02,105.30000305175781,-0.004349461754739048
2024-05-03,105.02999877929688,-0.002564143063967683
2024-05-06,105.05000305175781,0.0001904624649475828
2024-05-07,105.41000366210938,0.0034269452631447983
2024-05-08,105.55000305175781,0.0013281413982035861
2024-05-09,105.2300033569336,-0.003031735533605806
2024-05-10,105.30999755859375,0.0007601843495985694
2024-05-13,105.22000122070312,-0.0008545849394835381
2024-05-14,105.01000213623047,-0.001995809561265549
2024-05-15,104.3499984741211,-0.006285150449317656
2024-05-16,104.45999908447266,0.0010541505698138387
2024-05-17,104.44999694824219,-9.575087419233519e-05
2024-05-20,104.56999969482422,0.001148901389068424
2024-05-21,104.66000366210938,0.0008607054370071143
2024-05-22,104.94000244140625,0.0026753178817080503
2024-05-23,105.11000061035156,0.001619955831811959
2024-05-24,104.72000122070312,-0.003710392801672513
2024-05-28,104.61000061035156,-0.0010504259842371022
2024-05-29,105.0999984741211,0.004684044172742707
2024-05-30,104.72000122070312,-0.003615578105945816
2024-05-31,104.66999816894531,-0.00047749284926412727
2024-06-03,104.13999938964844,-0.005063521434684803
2024-06-04,104.11000061035156,-0.00028806202681674886
2024-06-05,104.2699966430664,0.0015367979231279971
2024-06-06,104.0999984741211,-0.0016303651521850648
2024-06-07,104.88999938964844,0.00758886577432305
2024-06-10,105.1500015258789,0.002478807681794315
2024-06-11,105.2300033569336,0.0007608352819186148
2024-06-12,104.6500015258789,-0.005511753421572729
2024-06-13,105.19999694824219,0.0052555701322878345
2024-06-14,105.55000305175781,0.0033270543124428453
2024-06-17,105.31999969482422,-0.0021790937970964652
2024-06-18,105.26000213623047,-0.0005696691869312431
2024-06-20,105.58999633789062,0.003135038903315568
2024-06-21,105.80000305175781,0.001988888352596918
2024-06-24,105.47000122070312,-0.003119109844384904
2024-06-25,105.61000061035156,0.0013273858730264987
2024-06-26,106.05000305175781,0.0041662952264307496
2024-06-27,105.91000366210938,-0.001320126219893747
2024-06-28,105.87000274658203,-0.00037768779288271936
2024-07-01,105.9000015258789,0.0002833548551868237
2024-07-02,105.72000122070312,-0.0016997195711256907
2024-07-03,105.4000015258789,-0.0030268604911967145
2024-07-05,104.87999725341797,-0.004933626802019142
2024-07-08,105.01000213623047,0.0012395584116804415
2024-07-09,105.12000274658203,0.0010475250748862575
2024-07-10,105.05000305175781,-0.0006659027111421967
2024-07-11,104.44000244140625,-0.00580676432775562
2024-07-12,104.08999633789062,-0.0033512647963790387
2024-07-15,104.19000244140625,0.0009607657511196965
2024-07-16,104.2699966430664,0.0007677723369392542
2024-07-17,103.75,-0.0049870208095089685
2024-07-18,104.16999816894531,0.004048175122364439
2024-07-19,104.4000015258789,0.002207961610602771
2024-07-22,104.30999755859375,-0.0008621069537325665
2024-07-23,104.44999694824219,0.0013421473772903258
2024-07-24,104.38999938964844,-0.0005744141727785923
2024-07-25,104.36000061035156,-0.0002873721570291199
2024-07-26,104.31999969482422,-0.000383297386866599
2024-07-29,104.55999755859375,0.0023005930259931695
2024-07-30,104.55000305175781,-9.55863338686358e-05
2024-07-31,104.0999984741211,-0.004304204347215013
2024-08-01,104.41999816894531,0.003073964452591005
2024-08-02,103.20999908447266,-0.011587809861047349
2024-08-05,102.69000244140625,-0.005038239004738432
2024-08-06,102.97000122070312,0.0027266410813131525
2024-08-07,103.19999694824219,0.0022336187706368804
2024-08-08,103.20999908447266,9.691992757998591e-05
2024-08-09,103.13999938964844,-0.0006782259029662896
2024-08-12,103.13999938964844,0.0
2024-08-13,102.55999755859375,-0.005623442257969402
2024-08-14,102.56999969482422,9.75247315577743e-05
2024-08-15,102.9800033569336,0.00399730587237257
2024-08-16,102.45999908447266,-0.0050495655031062014
2024-08-19,101.88999938964844,-0.005563143665014869
2024-08-20,101.44000244140625,-0.004416497702795175
2024-08-21,101.04000091552734,-0.003943232612893088
2024-08-22,101.51000213623047,0.004651635158792855
2024-08-23,100.72000122070312,-0.007782493339593577
2024-08-26,100.8499984741211,0.0012906796251235253
2024-08-27,100.55000305175781,-0.002974669577612943
2024-08-28,101.08999633789062,0.005370395522065197
2024-08-29,101.33999633789062,0.0024730439119255987
2024-08-30,101.69999694824219,0.003552404019743882
2024-09-03,101.83000183105469,0.0012783174701436195
2024-09-04,101.36000061035156,-0.004615547601412251
2024-09-05,101.11000061035156,-0.002466456180885923
2024-09-06,101.18000030517578,0.0006923122777338087
2024-09-09,101.55000305175781,0.0036568763141533456
2024-09-10,101.62999725341797,0.0007877321443248153
2024-09-11,101.68000030517578,0.0004920107557724318
2024-09-12,101.37000274658203,-0.003048756467971536
2024-09-13,101.11000061035156,-0.0025648824029378403
2024-09-16,100.76000213623047,-0.0034615613886690433
2024-09-17,100.88999938964844,0.0012901672356280258
2024-09-18,100.5999984741211,-0.002874426774524319
2024-09-19,100.61000061035156,9.942481493219191e-05
2024-09-20,100.72000122070312,0.0010933367427119478
2024-09-23,100.91999816894531,0.0019856726153522075
2024-09-24,100.37000274658203,-0.005449816016074083
2024-09-25,100.91999816894531,0.005479679259867476
2024-09-26,100.55999755859375,-0.0035671880388751243
2024-09-27,100.41999816894531,-0.0013921976237804001
2024-09-30,100.77999877929688,0.0035849493817545763
2024-10-01,101.19000244140625,0.004068303900333081
2024-10-02,101.68000030517578,0.00484235450091286
2024-10-03,101.98999786376953,0.003048756467971536
2024-10-04,102.5199966430664,0.005196576040768397
2024-10-07,102.54000091552734,0.00019512556687439897
2024-10-08,102.55000305175781,9.754375015758043e-05
2024-10-09,102.93000030517578,0.0037054826144293784
2024-10-10,102.98999786376953,0.0005828967105399041
2024-10-11,102.88999938964844,-0.000970953259493923
2024-10-14,103.30000305175781,0.003984873792803434
2024-10-15,103.26000213623047,-0.0003872305357754957
2024-10-16,103.58999633789062,0.0031957601668921587
2024-10-17,103.83000183105469,0.0023168790582945853
2024-10-18,103.48999786376953,-0.003274621605404482
2024-10-21,104.01000213623047,0.005024681449365298
2024-10-22,104.08000183105469,0.0006730092624411821
2024-10-23,104.43000030517578,0.0033627831280136355
2024-10-24,104.05999755859375,-0.003543069477169092
2024-10-25,104.26000213623047,0.0019220121307814697
2024-10-28,104.31999969482422,0.0005754609376984465
2024-10-29,104.27999877929688,-0.000383444360087859
2024-10-30,103.98999786376953,-0.0027809831120262363
2024-10-31,103.9800033569336,-9.611027061495747e-05
2024-11-01,104.27999877929688,0.0028851261076947576
2024-11-04,103.88999938964844,-0.0037399251458934968
2024-11-05,103.41999816894531,-0.004524027562463839
2024-11-06,105.08999633789062,0.016147729631722063
2024-11-07,104.51000213623047,-0.005519023902097464
2024-11-08,105.0,0.004688526014293037
2024-11-11,105.54000091552734,0.00514286586216528
2024-11-12,106.0199966430664,0.004547998136964715
2024-11-13,106.4800033569336,0.004338867463049123
2024-11-14,106.66999816894531,0.001784323873233129
2024-11-15,106.69000244140625,0.00018753419709693908
2024-11-18,106.27999877929688,-0.0038429436004048245
2024-11-19,106.20999908447266,-0.0006586346972922152
2024-11-20,106.68000030517578,0.004425206899110412
2024-11-21,106.97000122070312,0.002718418772944764
2024-11-22,107.48999786376953,0.004861144593179212
2024-11-25,106.81999969482422,-0.00623312105554652
2024-11-26,107.01000213623047,0.0017787159890383375
2024-11-27,106.08000183105469,-0.008690779241288471
2024-11-29,105.73999786376953,-0.0032051655487963515
2024-12-02,106.44999694824219,0.006714574416649688
2024-12-03,106.37000274658203,-0.0007514720897460192
2024-12-04,106.33999633789062,-0.0002820946499634269
2024-12-05,105.70999908447266,-0.005924367830671962
2024-12-06,105.97000122070312,0.002459579401024259
2024-12-09,106.1500015258789,0.001698596801946728
2024-12-10,106.4000015258789,0.0023551577617175745
2024-12-11,106.70999908447266,0.0029135108472564397
2024-12-12,106.95999908447266,0.002342798258315959
2024-12-13,107.0,0.0003739801408912946
2024-12-16,106.86000061035156,-0.0013084055107330794
2024-12-17,106.95999908447266,0.0009357895709332098
2024-12-18,108.02999877929688,0.0100037369482322
2024-12-19,108.41000366210938,0.0035175866620977825
2024-12-20,107.62000274658203,-0.007287158830744156
2024-12-23,108.04000091552734,0.003902603217120326
2024-12-24,108.26000213623047,0.002036294139567296
2024-12-26,108.12999725341797,-0.0012008579368851802
2024-12-27,108.0,-0.0012022311728474566
2024-12-30,108.12999725341797,0.001203678272388542
2024-12-31,108.48999786376953,0.003329331540699476
2025-01-02,109.38999938964844,0.008295709683846075
2025-01-03,108.94999694824219,-0.00402232785319756
2025-01-06,108.26000213623047,-0.006333132917291429
2025-01-07,108.54000091552734,0.002586354828854942
2025-01-08,109.08999633789062,0.005067214093643857
2025-01-09,109.18000030517578,0.0008250432698373444
2025-01-10,109.6500015258789,0.004304828900800528
2025-01-13,109.95999908447266,0.002827155077791632
2025-01-14,109.2699966430664,-0.006275031349137983
2025-01-15,109.08999633789062,-0.001647298533043462
2025-01-16,108.95999908447266,-0.0011916514600964767
2025-01-17,109.3499984741211,0.003579289582648526
2025-01-21,108.05999755859375,-0.011796990704418087
2025-01-22,108.16999816894531,0.0010179586603442647
2025-01-23,108.05000305175781,-0.001109319767206518
2025-01-24,107.44000244140625,-0.0056455399641160975
2025-01-27,107.33999633789062,-0.0009308088350999943
2025-01-28,107.87000274658203,0.004937641389729741
2025-01-29,108.0,0.0012051288598124987
2025-01-30,107.80000305175781,-0.0018518235948350448
2025-01-31,108.37000274658203,0.005287566592651727
2025-02-03,108.98999786376953,0.005721095335185389
2025-02-04,107.95999908447266,-0.0094503972794302
2025-02-05,107.58000183105469,-0.00351979674546532
2025-02-06,107.69000244140625,0.0010225005435891
2025-02-07,108.04000091552734,0.0032500554014893712
2025-02-10,108.31999969482422,0.0025916214080357047
2025-02-11,107.95999908447266,-0.00332349161157508
2025-02-12,107.94000244140625,-0.0001852227050387345
2025-02-13,107.30999755859375,-0.005836620979830842
2025-02-14,106.56999969482422,-0.006895889298343061
2025-02-18,107.05000305175781,0.004504113336850413
2025-02-19,107.16999816894531,0.0011209258642381759
2025-02-20,106.33999633789062,-0.007744721892653739
2025-02-21,106.61000061035156,0.002539066031213899
2025-02-24,106.5999984741211,-9.381986842893486e-05
2025-02-25,106.30999755859375,-0.002720458908803347
2025-02-26,106.41999816894531,0.0010347155759355964
2025-02-27,107.23999786376953,0.007705315814067637
2025-02-28,107.61000061035156,0.0034502308276065374
2025-03-03,106.75,-0.007991827947901986
2025-03-04,105.73999786376953,-0.009461378325343994
2025-03-05,105.73999786376953,0.0
2025-03-06,104.05999755859375,-0.01588803044369469
2025-03-07,103.83999633789062,-0.002114176685226732
2025-03-10,103.91000366210938,0.0006741845790416701
2025-03-11,103.44000244140625,-0.004523156617638691
2025-03-12,103.61000061035156,0.001643447070117876
2025-03-13,103.83000183105469,0.0021233589364648697
2025-03-14,103.72000122070312,-0.0010594299182480338
2025-03-17,103.37000274658203,-0.0033744549749507025
2025-03-18,103.23999786376953,-0.00125766546733308
2025-03-19,103.43000030517578,0.001840395634809866
2025-03-20,103.8499984741211,0.004060699678101853
2025-03-21,104.08999633789062,0.0023110049811829736
2025-03-24,104.26000213623047,0.0016332577992219655
2025-03-25,104.18000030517578,-0.0007673300346776601
2025-03-26,104.55000305175781,0.0035515717555978377
2025-03-27,104.06999969482422,-0.0045911367089674915
2025-03-28,104.04000091552734,-0.0002882557834615884
2025-03-31,104.20999908447266,0.0016339693142000122
2025-04-01,104.26000213623047,0.00047982969194038105
2025-04-02,103.80999755859375,-0.004316176562597085
2025-04-03,102.06999969482422,-0.016761370818715426
2025-04-04,103.0199966430664,0.009307308230455114
2025-04-07,103.26000213623047,0.002329698126428914
2025-04-08,102.95999908447266,-0.0029053171174838743
2025-04-09,102.9000015258789,-0.000582726875750339
2025-04-10,100.87000274658203,-0.019727879000918547
2025-04-11,99.77999877929688,-0.010806026941662661
2025-04-14,99.63999938964844,-0.0014030806911322635
2025-04-15,100.22000122070312,0.005820973851942357
2025-04-16,99.37999725341797,-0.008381600050426208
2025-04-17,99.37999725341797,0.0
2025-04-21,98.27999877929688,-0.011068610429884718
2025-04-22,98.91999816894531,0.006512000382556504
2025-04-23,99.83999633789062,0.00930042646557716
2025-04-24,99.29000091552734,-0.005508768454897783
2025-04-25,99.47000122070312,0.0018128744437106992
2025-04-28,99.01000213623047,-0.004624500641676077
2025-04-29,99.23999786376953,0.002322954475070249
2025-04-30,99.47000122070312,0.002317647741683082
2025-05-01,100.25,0.00784154790112268
2025-05-02,100.0,-0.0024937655860348684
2025-05-05,99.83000183105469,-0.0016999816894531783
2025-05-06,99.23999786376953,-0.005910086712045071
2025-05-07,99.61000061035156,0.003728363105065302
2025-05-08,100.63999938964844,0.01034031495819332
2025-05-09,100.33999633789062,-0.0029809524401553933
2025-05-12,101.79000091552734,0.014450913200693138
2025-05-13,101.0,-0.007761085651064481
2025-05-14,101.04000091552734,0.0003960486685876674
2025-05-15,100.87999725341797,-0.0015835675045484665
2025-05-16,101.08999633789062,0.0020816721866587784
2025-05-19,100.43000030517578,-0.006528796682401916
2025-05-20,100.12000274658203,-0.003086702754672488
2025-05-21,99.55999755859375,-0.005593339718594881
2025-05-22,99.95999908447266,0.004017693206987971
2025-05-23,99.11000061035156,-0.008503386173531191
2025-05-26,98.93000030517578,-0.001816166926317031
2025-05-27,99.5199966430664,0.005963775761352652
2025-05-28,99.87999725341797,0.00361736959902359
2025-05-29,99.27999877929688,-0.0060071935384495845
2025-05-30,99.33000183105469,0.0005036568530683017
2025-06-02,98.69999694824219,-0.006342543755149088
2025-06-03,99.25,0.00557247283448481
2025-06-04,98.79000091552734,-0.0046347514808328105
2025-06-05,98.73999786376953,-0.0005061549883026428
2025-06-06,99.19000244140625,0.004557469995670749
2025-06-09,98.94000244140625,-0.0025204153024159792
2025-06-10,99.05000305175781,0.0011117910616256221
2025-06-11,98.62999725341797,-0.004240341094390199
2025-06-12,97.91999816894531,-0.007198612027215168
2025-06-13,98.18000030517578,0.002655250623900818
2025-06-16,98.0,-0.0018333703872099871
2025-06-17,98.81999969482422,0.008367343824736917
2025-06-18,98.91000366210938,0.0009107869617801523
2025-06-20,98.70999908447266,-0.0020220864445619213
2025-06-23,98.41999816894531,-0.002937908197924055
2025-06-24,97.86000061035156,-0.005689875726602511
2025-06-25,97.68000030517578,-0.0018393654614052846
2025-06-26,97.1500015258789,-0.005425867911967974
2025-06-27,97.4000015258789,0.0025733401551559787
2025-06-30,96.87999725341797,-0.005338852816370587
2025-07-01,96.81999969482422,-0.0006192976909031866
2025-07-02,96.77999877929688,-0.000413147238725764
2025-07-03,97.18000030517578,0.004133101166813313
2025-07-07,97.4800033569336,0.003087086343030565
2025-07-08,97.51000213623047,0.00030774290381407887
2025-07-09,97.47000122070312,-0.0004102237170650058
2025-07-10,97.6500015258789,0.001846725176172015
2025-07-11,97.8499984741211,0.0020480997963854275
2025-07-14,98.08000183105469,0.0023505708791036195
2025-07-15,98.62000274658203,0.005505718856505526
2025-07-16,98.38999938964844,-0.0023322181152704013
2025-07-17,98.7300033569336,0.003455676078812253
2025-07-18,98.4800033569336,-0.0025321583257339464
2025-07-21,97.8499984741211,-0.006397287381572192
2025-07-22,97.38999938964844,-0.004701063787898918
2025-07-23,97.20999908447266,-0.0018482421840421148
2025-07-24,97.37999725341797,0.0017487724570142138
2025-07-25,97.6500015258789,0.002772687205548907
2025-07-28,98.66000366210938,0.010343083670744324
2025-07-29,98.91000366210938,0.0025339549029026465
2025-07-30,99.94000244140625,0.010413494501683607
2025-07-31,100.02999877929688,0.0009005036591167581
2025-08-01,98.69000244140625,-0.013395944759003298
2025-08-04,98.77999877929688,0.0009119093693816804
2025-08-05,98.77999877929688,0.0
2025-08-06,98.18000030517578,-0.0060740886974666175
2025-08-07,98.4000015258789,0.002240794663060486
2025-08-08,98.18000030517578,-0.002235784728572998
2025-08-11,98.5199966430664,0.003462989782377246
2025-08-12,98.0999984741211,-0.0042630753477077565
2025-08-13,97.83999633789062,-0.0026503785960716453
2025-08-14,98.25,0.004190552713160711
2025-08-15,97.8499984741211,-0.004071262349912508
2025-08-18,98.16999816894531,0.0032703086337690923
2025-08-19,98.2699966430664,0.0010186256084980805
2025-08-20,98.22000122070312,-0.0005087557145735389
2025-08-21,98.62000274658203,0.00407250581253904
2025-08-22,97.72000122070312,-0.009125953161769673
2025-08-25,98.43000030517578,0.0072656475194787795
2025-08-26,98.2300033569336,-0.0020318698325928475
2025-08-27,98.2300033569336,0.0
2025-08-28,97.80999755859375,-0.004275738409716734
2025-08-29,97.7699966430664,-0.00040896550992530756
2025-09-02,98.4000015258789,0.0064437445478544575
2025-09-03,98.13999938964844,-0.0026422980914495575
2025-09-04,98.3499984741211,0.002139790969825528
2025-09-05,97.7699966430664,-0.005897324250668912
2025-09-08,97.44999694824219,-0.0032729846150292286
2025-09-09,97.79000091552734,0.0034890095221422612
2025-09-10,97.77999877929688,-0.00010228178890303585
2025-09-11,97.54000091552734,-0.0024544678540162623
2025-09-12,97.55000305175781,0.00010254394234765485
2025-09-15,97.30000305175781,-0.002562788233510971
2025-09-16,96.62999725341797,-0.006885979211978421
2025-09-17,96.87000274658203,0.0024837576320595467
2025-09-18,97.3499984741211,0.0049550502108972605
2025-09-19,97.63999938964844,0.0029789514131779438
2025-09-22,97.33000183105469,-0.0031749033237562507
2025-09-23,97.26000213623047,-0.0007191995634164838
2025-09-24,97.87000274658203,0.006271854790802278
2025-09-25,98.55000305175781,0.006947995157786213
2025-09-26,98.1500015258789,-0.004058868731529386
2025-09-29,97.91000366210938,-0.0024452150793523586
2025-09-30,97.7699966430664,-0.0014299562231264717
2025-10-01,97.70999908447266,-0.0006136602296590299
2025-10-02,97.8499984741211,0.0014328051474794545
2025-10-03,97.72000122070312,-0.0013285360801753576
2025-10-06,98.11000061035156,0.003990988382896354
2025-10-07,98.58000183105469,0.004790553641618622
2025-10-08,98.8499984741211,0.0027388581664780087
2025-10-09,99.54000091552734,0.006980297946963532
2025-10-10,98.9800033569336,-0.005625854464970104
2025-10-13,99.2699966430664,0.002929816895308246
2025-10-14,99.05000305175781,-0.0022161136168826756
2025-10-15,98.79000091552734,-0.0026249583868726
2025-10-16,98.38999938964844,-0.0040490082211958045
2025-10-17,98.43000030517578,0.00040655468823547203
2025-10-20,98.58999633789062,0.0016254803639010884
2025-10-21,98.93000030517578,0.0034486659895989202
2025-10-22,98.9000015258789,-0.0003032323784932789
2025-10-23,98.94000244140625,0.000404458189182888
2025-10-24,98.94999694824219,0.00010101583373067768
2025-10-27,98.77999877929688,-0.0017180209619838127
2025-10-28,98.69000244140625,-0.0009110785483172901
2025-10-29,99.22000122070312,0.00537033910412088
2025-10-30,99.52999877929688,0.0031243454422480443
2025-10-31,99.80000305175781,0.0027127928842807236
2025-11-03,99.87000274658203,0.0007013997262896865
2025-11-04,100.22000122070312,0.0035045405476679115
2025-11-05,100.19999694824219,-0.0001996035942654073
2025-11-06,99.7300033569336,-0.004690554946337633
2025-11-07,99.5999984741211,-0.0013035684190966235
2025-11-10,99.62000274658203,0.00020084611212256576
2025-11-11,99.45999908447266,-0.0016061399086325645
2025-11-12,99.4800033569336,0.00020112882209000205
2025-11-13,99.18000030517578,-0.0030157121193633563
2025-11-14,99.2699966430664,0.0009074040896723812
2025-11-17,99.58999633789062,0.0032235288168167564
2025-11-18,99.55000305175781,-0.00040157935137508094
2025-11-19,100.2300033569336,0.0068307411786039385
2025-11-20,100.16000366210938,-0.000698390626357015
2025-11-21,100.18000030517578,0.0001996469881717644
2025-11-24,100.13999938964844,-0.0003992904312786205
2025-11-25,99.66000366210938,-0.004793246759183467
2025-11-26,99.5999984741211,-0.000602098994414324
2025-11-28,99.45999908447266,-0.0014056163834662572
2025-12-01,99.41000366210938,-0.0005026686388848178
2025-12-02,99.36000061035156,-0.0005029981884697721
2025-12-03,98.8499984741211,-0.005132871709919606
2025-12-04,98.98999786376953,0.0014162811513354079
2025-12-05,98.98999786376953,0.0
2025-12-08,99.08999633789062,0.0010101876581380953
2025-12-09,99.22000122070312,0.0013119879666680934
2025-12-10,98.79000091552734,-0.004333806691045106
2025-12-11,98.3499984741211,-0.004453916766156141
2025-12-12,98.4000015258789,0.0005084194461981717
2025-12-15,98.1500015258789,-0.0025406503671064895
2025-12-16,98.1500015258789,0.0
2025-12-17,98.37000274658203,0.002241479544400349
2025-12-18,98.43000030517578,0.0006099172198694713
2025-12-19,98.5999984741211,0.0017270971087903764
2025-12-22,98.29000091552734,-0.0031439915151226794
2025-12-23,97.94000244140625,-0.0035608756827857357
2025-12-24,97.9800033569336,0.00040842265193208327
2025-12-26,98.0199966430664,0.0004081780441169691
2025-12-29,98.04000091552734,0.00020408358647250324
2025-12-30,98.23999786376953,0.00203995253340028
2025-12-31,98.27999877929688,0.0004071754519254789
2026-01-02,98.41999816894531,0.001424495231861167
2026-01-05,98.2699966430664,-0.0015240960035521889
2026-01-06,98.58000183105469,0.0031546270334603665
2026-01-07,98.68000030517578,0.0010143890471057126
2026-01-08,98.93000030517578,0.0025334414189992494
2026-01-09,99.12999725341797,0.002021600602701401
2026-01-12,98.86000061035156,-0.0027236623680739758
2026-01-13,99.12999725341797,0.0027311009649957363
2026-01-14,99.12999725341797,0.0
2026-01-15,99.31999969482422,0.001916699754570983
2026-01-16,99.38999938964844,0.0007047895191230058
2026-01-20,98.63999938964844,-0.007546030834145623
2026-01-21,98.76000213623047,0.0012165728641988505
2026-01-22,98.36000061035156,-0.004050238125016814
2026-01-23,97.5999984741211,-0.007726739848662456
2026-01-26,97.04000091552734,-0.005737679993327416
2026-01-27,96.22000122070312,-0.008450120435778086
2026-01-28,96.44999694824219,0.0023903110020910834
2026-01-29,96.27999877929688,-0.001762552351728286
2026-01-30,96.98999786376953,0.007374315470237924
2026-02-02,97.61000061035156,0.006392440047816805
2026-02-03,97.44000244140625,-0.0017416060637467368
2026-02-04,97.62000274658203,0.00184729372604453
2026-02-05,97.81999969482422,0.002048729180651243
2026-02-06,97.62999725341797,-0.0019423680433348078
2026-02-09,96.81999969482422,-0.008296605360863074
2026-02-10,96.80000305175781,-0.0002065342194735864
2026-02-11,96.83000183105469,0.0003099047350323403
2026-02-12,96.93000030517578,0.001032722010018805
2026-02-13,96.87999725341797,-0.0005158676529494199
2026-02-17,97.16000366210938,0.0028902396431635946
2026-02-18,97.69999694824219,0.005557773423009893
2026-02-19,97.93000030517578,0.0023541797760284755
2026-02-20,97.80000305175781,-0.0013274507608788122
2026-02-23,97.69999694824219,-0.001022557263752888
2026-02-24,97.87999725341797,0.0018423777973211042
2026-02-25,97.69999694824219,-0.0018389896835586672
2026-02-26,97.79000091552734,0.0009212279436696669
2026-02-27,97.61000061035156,-0.0018406821095263703
2026-03-02,98.37999725341797,0.007888501570040507
2026-03-03,99.05000305175781,0.00681038643062748
2026-03-04,98.7699966430664,-0.002826919738155853
2026-03-05,99.31999969482422,0.005568523544102311
2026-03-06,98.98999786376953,-0.0033226120828501182
2026-03-09,99.18000030517578,0.0019194105011268725
2026-03-10,98.83000183105469,-0.0035289218899390296
2026-03-11,99.2300033569336,0.004047369406738444
2026-03-12,99.73999786376953,0.005139519193620101
2026-03-13,100.36000061035156,0.006216189691811147
2026-03-16,99.70999908447266,-0.0064766991024894915
2026-03-17,99.58000183105469,-0.0013037534310660348
2026-03-18,100.08999633789062,0.005121455085943749
2026-03-19,99.2300033569336,-0.008592197146793823
2026-03-20,99.6500015258789,0.004232572354498032
2026-03-23,98.94999694824219,-0.007024631880762522
2026-03-24,99.43000030517578,0.0048509688907283355
2026-03-25,99.5999984741211,0.0017097271288699645
2026-03-26,99.9000015258789,0.00301207887905508
2026-03-27,100.1500015258789,0.002502502464279077
2026-03-30,100.51000213623047,0.003594614127474971
2026-03-31,99.95999908447266,-0.005472122575545746
2026-04-01,99.6500015258789,-0.0031012161007702987
2026-04-02,100.02999877929688,0.0038133190928180127
2026-04-06,99.9800033569336,-0.0004998042884474252
2026-04-07,99.63999938964844,-0.0034007197026322267
2026-04-08,99.12999725341797,-0.005118447805645521
2026-04-09,98.81999969482422,-0.003127182156590469
2026-04-10,98.6500015258789,-0.0017202810106283772
2026-04-13,98.37000274658203,-0.0028383048653417564
2026-04-14,98.12000274658203,-0.0025414251603107507
2026-04-15,98.05999755859375,-0.0006115489839850774
2026-04-16,98.22000122070312,0.001631691475555641
2026-04-17,98.0999984741211,-0.0012217750467380384
2026-04-20,98.05000305175781,-0.0005096373408860488
